read_id,quality,length,has_adapter,quality_pass,length_pass,final_output_count
@250F302971012_1_205_1_0_133118_1_17.849751,17.849751,10516,false,true,true,1
@250F302971012_1_246_1_7125_135067_1_17.268139,17.268139,10214,false,true,true,1
@250F302971012_1_138_1_4829_149603_1_20.411509,20.411509,11041,false,true,true,1
@250F302971012_1_81_1_0_153500_1_18.587114,18.587114,10710,false,true,true,1
@250F302971012_1_167_1_0_161833_1_19.356329,19.356329,11105,false,true,true,1
@250F302971012_1_241_2_13492_158727_1_18.439114,18.439114,10514,false,true,true,1
@250F302971012_1_70_3_40730_148527_1_17.483160,17.48316,10166,false,true,true,1
@250F302971012_1_165_2_48341_140637_1_17.319870,17.31987,11188,false,true,true,1
@250F302971012_1_73_2_12125_179094_1_19.336798,19.336798,13737,false,true,true,1
@250F302971012_1_213_1_8989_144500_1_17.728283,17.728283,10029,false,true,true,1
@250F302971012_1_222_2_56069_147158_1_17.010193,17.010193,11087,false,true,true,1
@250F302971012_1_244_3_35493_167517_1_16.445045,16.445045,13251,false,true,true,1
@250F302971012_1_48_3_29988_175030_2_15.708036,15.708036,10925,false,true,true,1
@250F302971012_1_129_2_48502_160041_1_18.553711,18.553711,10438,false,true,true,1
@250F302971012_1_216_4_82678_122917_1_17.098310,17.09831,10015,false,true,true,1
@250F302971012_1_1_3_71371_141269_0_15.007768,15.007768,12105,false,true,true,1
@250F302971012_1_142_2_43192_167132_3_13.016912,13.016912,13633,false,false,true,0
@250F302971012_1_113_4_57190_161118_1_18.332899,18.332899,12502,false,true,true,1
@250F302971012_1_145_3_76133_140062_1_17.191244,17.191244,11184,false,true,true,1
@250F302971012_1_194_2_62060_153500_2_16.878654,16.878654,11643,false,true,true,1
@250F302971012_1_42_2_35740_186112_1_17.066288,17.066288,11934,false,true,true,1
@250F302971012_1_107_2_11107_212921_1_20.995552,20.995552,12602,false,true,true,1
@250F302971012_1_126_3_86983_140000_1_16.192501,16.192501,11769,false,true,true,1
@250F302971012_1_109_4_124655_118910_1_17.544163,17.544163,10011,false,true,true,1
@250F302971012_1_74_3_125170_125444_1_15.940416,15.940416,10660,false,true,true,1
@250F302971012_1_118_3_93870_161051_0_18.160961,18.160961,12242,false,true,true,1
@250F302971012_1_208_3_108797_142671_2_17.522854,17.522854,12233,false,true,true,1
@250F302971012_1_53_4_82409_175681_1_19.216703,19.216703,14355,false,true,true,1
@250F302971012_1_66_3_83694_172385_1_18.897333,18.897333,12674,false,true,true,1
@250F302971012_1_77_4_77894_179336_1_17.953743,17.953743,12768,false,true,true,1
@250F302971012_1_36_2_71839_189500_1_18.837435,18.837435,12352,false,true,true,1
@250F302971012_1_88_2_115915_151035_1_17.462351,17.462351,12493,false,true,true,1
@250F302971012_1_91_8_140401_126023_1_13.498936,13.498936,10765,false,false,true,0
@250F302971012_1_128_4_142862_125481_1_12.143932,12.143932,11198,false,false,true,0
@250F302971012_1_245_4_146018_122065_1_18.410122,18.410122,10284,false,true,true,1
@250F302971012_1_6_3_136275_137559_2_16.915520,16.91552,11017,false,true,true,1
@250F302971012_1_13_3_133398_136933_1_16.561165,16.561165,11746,false,true,true,1
@250F302971012_1_68_2_56794_207500_1_20.607540,20.60754,11718,false,true,true,1
@250F302971012_1_124_3_106771_166324_1_18.518530,18.51853,10656,false,true,true,1
@250F302971012_1_189_3_88763_182152_1_20.483070,20.48307,11759,false,true,true,1
@250F302971012_1_197_6_162553_111434_1_11.355936,11.355936,10138,false,false,true,0
@250F302971012_1_3_3_132518_147328_1_17.221327,17.221327,11754,false,true,true,1
@250F302971012_1_96_2_75566_200916_1_14.063201,14.063201,16689,false,false,true,0
@250F302971012_1_148_5_91795_192944_1_18.612825,18.612825,13078,false,true,true,1
@250F302971012_1_256_6_132351_148041_2_16.874626,16.874626,12351,false,true,true,1
@250F302971012_1_205_3_142893_143923_1_15.959518,15.959518,10150,false,true,true,1
@250F302971012_1_2_6_119181_172862_1_18.076986,18.076986,13792,false,true,true,1
@250F302971012_1_193_2_119449_173100_2_17.220787,17.220787,11584,false,true,true,1
@250F302971012_1_46_2_75162_220691_2_19.392717,19.392717,10141,false,true,true,1
@250F302971012_1_169_4_112056_185000_0_17.665606,17.665606,14900,false,true,true,1
@250F302971012_1_255_6_145691_172202_1_16.144911,16.144911,13583,false,true,true,1
@250F302971012_1_131_5_137486_190069_1_16.448814,16.448814,15225,false,true,true,1
@250F302971012_1_115_6_195430_149235_2_16.796877,16.796877,11819,false,true,true,1
@250F302971012_1_123_11_201854_140000_2_8.379383,8.379383,10109,false,false,true,0
@250F302971012_1_224_2_125647_215076_2_17.650562,17.650562,17804,false,true,true,1
@250F302971012_1_48_4_213119_133159_2_17.812351,17.812351,10471,false,true,true,1
@250F302971012_1_52_8_227812_121119_1_15.890451,15.890451,10237,false,true,true,1
@250F302971012_1_199_4_186233_161773_1_19.183817,19.183817,13012,false,true,true,1
@250F302971012_1_10_3_88042_263981_3_19.314936,19.314936,19803,false,true,true,1
@250F302971012_1_243_1_0_351972_1_18.889431,18.889431,21919,false,true,true,1
@250F302971012_1_249_7_197996_152803_1_14.248421,14.248421,10644,false,false,true,0
@250F302971012_1_25_4_166559_190963_2_15.677805,15.677805,12530,false,true,true,1
@250F302971012_1_203_5_222907_134338_1_18.197834,18.197834,10742,false,true,true,1
@250F302971012_1_14_5_223853_135500_2_16.875389,16.875389,10514,false,true,true,1
@250F302971012_1_37_4_210297_150309_1_17.662695,17.662695,11517,false,true,true,1
@250F302971012_1_24_6_180035_189479_3_19.893362,19.893362,12278,false,true,true,1
@250F302971012_1_164_6_231654_136866_1_16.456467,16.456467,10656,false,true,true,1
@250F302971012_1_125_8_247792_123212_1_18.186029,18.186029,10278,false,true,true,1
@250F302971012_1_213_2_200461_174287_1_17.198807,17.198807,12569,false,true,true,1
@250F302971012_1_61_8_228823_148645_1_16.655914,16.655914,10065,false,true,true,1
@250F302971012_1_82_5_234931_140000_2_17.002695,17.002695,10093,false,true,true,1
@250F302971012_1_110_6_227834_148644_1_16.831007,16.831007,12178,false,true,true,1
@250F302971012_1_223_7_231973_144500_1_15.773458,15.773458,12191,false,true,true,1
@250F302971012_1_70_4_194224_186406_1_20.836090,20.83609,11274,false,true,true,1
@250F302971012_1_80_3_84633_295849_1_15.801511,15.801511,18132,false,true,true,1
@250F302971012_1_155_6_255367_126839_0_16.357088,16.357088,10737,false,true,true,1
@250F302971012_1_175_7_246047_135094_1_16.285759,16.285759,11422,false,true,true,1
@250F302971012_1_231_6_265349_118794_1_18.267012,18.267012,10211,false,true,true,1
@250F302971012_1_96_3_278311_113000_1_12.707281,12.707281,11291,false,false,true,0
@250F302971012_1_162_10_268809_128670_2_15.658689,15.658689,10110,false,true,true,1
@250F302971012_1_30_6_270241_135639_1_16.547581,16.547581,11052,false,true,true,1
@250F302971012_1_150_6_249329_158600_1_17.000217,17.000217,10359,false,true,true,1
@250F302971012_1_212_4_242884_158000_0_19.403320,19.40332,12121,false,true,true,1
@250F302971012_1_214_5_212587_193327_1_16.492416,16.492416,14059,false,true,true,1
@250F302971012_1_90_5_257744_155837_2_19.715954,19.715954,10673,false,true,true,1
@250F302971012_1_137_8_260356_153500_1_17.354731,17.354731,12542,false,true,true,1
@250F302971012_1_143_7_260437_155262_1_18.804749,18.804749,10024,false,true,true,1
@250F302971012_1_144_5_257540_161314_1_18.538525,18.538525,12185,false,true,true,1
@250F302971012_1_42_5_285214_144723_1_17.806536,17.806536,12694,false,true,true,1
@250F302971012_1_207_10_291672_135778_1_17.065874,17.065874,11371,false,true,true,1
@250F302971012_1_53_5_258219_171926_1_19.348909,19.348909,11162,false,true,true,1
@250F302971012_1_1_5_306349_140270_0_18.219673,18.219673,10855,false,true,true,1
@250F302971012_1_4_8_308055_139697_1_16.147348,16.147348,12090,false,true,true,1
@250F302971012_1_64_7_252834_194572_1_17.877377,17.877377,15907,false,true,true,1
@250F302971012_1_74_6_299128_150734_1_18.152498,18.152498,12407,false,true,true,1
@250F302971012_1_36_3_266205_185000_1_17.069834,17.069834,12169,false,true,true,1
@250F302971012_1_178_5_270808_179762_0_10.893601,10.893601,12151,false,false,true,0
@250F302971012_1_187_13_287828_167065_1_16.552284,16.552284,11228,false,true,true,1
@250F302971012_1_104_8_324634_135964_1_18.429663,18.429663,11133,false,true,true,1
@250F302971012_1_129_6_331308_136337_1_18.883234,18.883234,11555,false,true,true,1
@250F302971012_1_45_4_252981_218175_2_18.754215,18.754215,14467,false,true,true,1
@250F302971012_1_13_4_272048_205146_1_20.140881,20.140881,13220,false,true,true,1
@250F302971012_1_156_7_313290_168063_0_18.997566,18.997566,10581,false,true,true,1
@250F302971012_1_195_12_372029_129660_3_16.933369,16.933369,10188,false,true,true,1
@250F302971012_1_139_6_375302_134297_1_14.989123,14.989123,11683,false,false,true,0
@250F302971012_1_217_3_232418_275399_2_17.142715,17.142715,17960,false,true,true,1
@250F302971012_1_173_9_347319_166309_1_19.985620,19.98562,11335,false,true,true,1
@250F302971012_1_12_9_392896_122538_1_17.723595,17.723595,10313,false,true,true,1
@250F302971012_1_62_11_302866_222425_1_15.448152,15.448152,11848,false,true,true,1
@250F302971012_1_67_7_373032_153500_1_8.635887,8.635887,11711,false,false,true,0
@250F302971012_1_105_11_299538_233678_1_19.088022,19.088022,15920,false,true,true,1
@250F302971012_1_174_11_295950_238324_1_17.759403,17.759403,18768,false,true,true,1
@250F302971012_1_8_7_190035_348156_2_17.582495,17.582495,29134,false,true,true,1
@250F302971012_1_10_5_390228_147105_3_15.603213,15.603213,12067,false,true,true,1
@250F302971012_1_71_9_401341_136844_3_16.095215,16.095215,10773,false,true,true,1
@250F302971012_1_142_6_375909_165131_3_20.477888,20.477888,10772,false,true,true,1
@250F302971012_1_1024_6_309425_259362_1_16.422798,16.422798,20902,false,true,true,1
@250F302971012_1_11_7_419476_150732_3_16.470531,16.470531,12114,false,true,true,1
@250F302971012_1_181_9_379918_189500_3_20.694187,20.694187,11747,false,true,true,1
@250F302971012_1_136_10_425148_149000_2_17.773886,17.773886,11061,false,true,true,1
@250F302971012_1_115_10_442574_141886_2_17.987247,17.987247,10558,false,true,true,1
@250F302971012_1_208_10_424792_155552_2_18.636314,18.636314,12735,false,true,true,1
@250F302971012_1_145_12_450869_135971_1_17.401421,17.401421,11098,false,true,true,1
@250F302971012_1_148_8_428339_159370_1_18.212622,18.212622,10982,false,true,true,1
@250F302971012_1_256_11_422955_173876_2_17.495007,17.495007,11844,false,true,true,1
@250F302971012_1_124_5_394559_214053_1_18.079660,18.07966,14287,false,true,true,1
@250F302971012_1_159_7_357765_248806_1_15.899449,15.899449,18064,false,true,true,1
@250F302971012_1_45_5_471653_142814_2_17.207476,17.207476,10919,false,true,true,1
@250F302971012_1_102_12_485123_135249_3_17.429964,17.429964,10133,false,true,true,1
@250F302971012_1_113_8_401369_222593_1_16.747498,16.747498,17014,false,true,true,1
@250F302971012_1_133_8_355064_275000_1_18.354191,18.354191,20477,false,true,true,1
@250F302971012_1_50_12_448330_199215_2_17.515032,17.515032,13266,false,true,true,1
@250F302971012_1_70_5_389515_256679_1_18.558161,18.558161,18446,false,true,true,1
@250F302971012_1_63_11_462264_194000_1_16.879612,16.879612,15705,false,true,true,1
@250F302971012_1_171_13_470414_187305_1_16.684181,16.684181,15614,false,true,true,1
@250F302971012_1_243_5_534190_124684_1_15.569057,15.569057,10526,false,true,true,1
@250F302971012_1_198_11_547205_131615_2_19.572746,19.572746,10167,false,true,true,1
@250F302971012_1_204_10_492281_185205_2_18.164268,18.164268,15315,false,true,true,1
@250F302971012_1_214_6_407675_266000_1_21.092108,21.092108,16817,false,true,true,1
@250F302971012_1_152_10_533515_158000_1_18.762978,18.762978,11978,false,true,true,1
@250F302971012_1_188_8_421664_269880_2_15.454416,15.454416,16919,false,true,true,1
@250F302971012_1_46_13_569460_127106_2_12.556198,12.556198,10231,false,false,true,0
@250F302971012_1_12_14_580821_121680_1_9.441940,9.44194,11099,false,false,true,0
@250F302971012_1_222_13_545280_155181_1_18.020226,18.020226,11895,false,true,true,1
@250F302971012_1_247_15_484897_222104_1_18.574314,18.574314,14482,false,true,true,1
@250F302971012_1_92_11_514205_198654_3_12.968494,12.968494,14128,false,false,true,0
@250F302971012_1_209_10_473941_236309_2_18.946396,18.946396,20173,false,true,true,1
@250F302971012_1_161_18_591397_124914_2_16.129555,16.129555,10157,false,true,true,1
@250F302971012_1_172_8_220920_498681_1_20.662048,20.662048,32760,false,true,true,1
@250F302971012_1_139_7_519375_203136_1_18.332191,18.332191,15054,false,true,true,1
@250F302971012_1_182_12_438707_281418_2_17.468683,17.468683,22569,false,true,true,1
@250F302971012_1_160_10_571740_162500_2_7.382457,7.382457,11259,false,false,true,0
@250F302971012_1_229_13_596330_140438_2_18.455170,18.45517,11835,false,true,true,1
@250F302971012_1_10_7_600655_139786_3_17.568686,17.568686,10962,false,true,true,1
@250F302971012_1_75_12_538679_207500_2_17.893955,17.893955,18129,false,true,true,1
@250F302971012_1_99_15_619216_130601_1_16.109631,16.109631,10289,false,true,true,1
@250F302971012_1_178_10_589412_155618_0_16.204830,16.20483,12328,false,true,true,1
@250F302971012_1_165_13_603974_149775_1_18.269104,18.269104,11623,false,true,true,1
@250F302971012_1_74_11_632680_126500_1_18.355558,18.355558,10070,false,true,true,1
@250F302971012_1_181_11_625781_136411_3_17.491819,17.491819,11312,false,true,true,1
@250F302971012_1_101_16_605204_163337_2_19.494087,19.494087,12379,false,true,true,1
@250F302971012_1_251_15_613300_154531_1_14.997370,14.99737,10727,false,false,true,0
@250F302971012_1_2_15_469147_305842_1_15.993900,15.9939,21742,false,true,true,1
@250F302971012_1_3_9_525333_243500_1_16.747887,16.747887,17394,false,true,true,1
@250F302971012_1_18_11_569508_207472_2_16.035688,16.035688,13377,false,true,true,1
@250F302971012_1_208_12_591712_189500_2_17.050888,17.050888,11487,false,true,true,1
@250F302971012_1_131_12_614102_178044_1_18.098598,18.098598,11611,false,true,true,1
@250F302971012_1_144_14_592747_200419_1_16.211351,16.211351,16182,false,true,true,1
@250F302971012_1_53_10_630346_162500_1_10.147705,10.147705,12224,false,false,true,0
@250F302971012_1_244_13_689001_119553_1_17.673481,17.673481,10027,false,true,true,1
@250F302971012_1_255_14_664683_144627_1_16.016268,16.016268,11361,false,true,true,1
@250F302971012_1_138_15_658981_153341_1_16.949400,16.9494,12150,false,true,true,1
@250F302971012_1_173_14_663089_148225_1_15.500073,15.500073,14706,false,true,true,1
@250F302971012_1_196_13_597820_212841_2_19.232941,19.232941,12979,false,true,true,1
@250F302971012_1_217_11_643836_167000_2_17.683102,17.683102,13776,false,true,true,1
@250F302971012_1_224_12_655110_156189_2_18.313347,18.313347,10002,false,true,true,1
@250F302971012_1_1_8_673808_150918_0_16.852131,16.852131,12237,false,true,true,1
@250F302971012_1_209_12_725119_95000_2_15.015553,15.015553,10562,false,true,true,1
@250F302971012_1_21_17_719627_115267_0_16.114925,16.114925,10033,false,true,true,1
@250F302971012_1_123_30_671687_158000_2_7.873384,7.873384,11712,false,false,true,0
@250F302971012_1_127_11_657387_174622_1_17.320234,17.320234,10998,false,true,true,1
@250F302971012_1_136_14_722284_110755_2_14.972485,14.972485,10171,false,false,true,0
@250F302971012_1_24_8_434874_400921_3_20.856346,20.856346,23384,false,true,true,1
@250F302971012_1_220_14_681105_153500_1_20.302851,20.302851,12572,false,true,true,1
@250F302971012_1_201_12_654837_203344_2_19.105480,19.10548,15730,false,true,true,1
@250F302971012_1_1024_12_731068_145196_1_19.391020,19.39102,10966,false,true,true,1
@250F302971012_1_111_20_655376_228010_1_17.256924,17.256924,18411,false,true,true,1
@250F302971012_1_142_10_752084_131987_3_17.009218,17.009218,11285,false,true,true,1
@250F302971012_1_66_13_691522_193797_1_17.788593,17.788593,15388,false,true,true,1
@250F302971012_1_93_18_758934_130712_1_18.166929,18.166929,10549,false,true,true,1
@250F302971012_1_16_11_679131_217820_2_11.903176,11.903176,12886,false,false,true,0
@250F302971012_1_110_15_706095_190368_1_14.973690,14.97369,11774,false,false,true,0
@250F302971012_1_13_10_732166_168014_1_17.891882,17.891882,10346,false,true,true,1
@250F302971012_1_210_19_766963_134976_2_18.815592,18.815592,10825,false,true,true,1
@250F302971012_1_252_20_762555_147029_0_9.932714,9.932714,10592,false,false,true,0
@250F302971012_1_23_21_754271_153500_2_17.591354,17.591354,12108,false,true,true,1
@250F302971012_1_178_11_763474_149000_0_19.090597,19.090597,10283,false,true,true,1
@250F302971012_1_182_14_735513_181130_2_16.506796,16.506796,13151,false,true,true,1
@250F302971012_1_25_14_789290_132885_2_18.028002,18.028002,10471,false,true,true,1
@250F302971012_1_30_15_715290_209645_1_18.414318,18.414318,13332,false,true,true,1
@250F302971012_1_155_16_789046_139751_0_16.158567,16.158567,14282,false,true,true,1
@250F302971012_1_90_18_792275_142461_2_15.539493,15.539493,11501,false,true,true,1
@250F302971012_1_42_13_777679_162286_1_17.512787,17.512787,10347,false,true,true,1
@250F302971012_1_247_17_751664_183371_1_17.033995,17.033995,13533,false,true,true,1
@250F302971012_1_71_17_748911_194041_3_18.026819,18.026819,13649,false,true,true,1
@250F302971012_1_96_15_790471_157404_1_18.691830,18.69183,13368,false,true,true,1
@250F302971012_1_135_14_734982_211772_2_18.211042,18.211042,12846,false,true,true,1
@250F302971012_1_144_15_794794_152553_1_17.361582,17.361582,12361,false,true,true,1
@250F302971012_1_198_12_678911_270198_2_20.773552,20.773552,16429,false,true,true,1
@250F302971012_1_146_13_808814_143739_1_18.864098,18.864098,10454,false,true,true,1
@250F302971012_1_67_13_796731_169753_1_11.960969,11.960969,11787,false,false,true,0
@250F302971012_1_79_22_795263_171954_1_12.066833,12.066833,12971,false,false,true,0
@250F302971012_1_216_18_591178_383000_1_19.884270,19.88427,27496,false,true,true,1
@250F302971012_1_217_12_836531_142803_2_16.498440,16.49844,10681,false,true,true,1
@250F302971012_1_75_13_747763_234328_2_19.696857,19.696857,15429,false,true,true,1
@250F302971012_1_52_17_812768_176114_1_16.747826,16.747826,14178,false,true,true,1
@250F302971012_1_187_22_751976_235688_1_17.190025,17.190025,15022,false,true,true,1
@250F302971012_1_141_19_779877_213843_1_14.399132,14.399132,11890,false,false,true,0
@250F302971012_1_222_17_852049_148526_1_18.976414,18.976414,11928,false,true,true,1
@250F302971012_1_248_19_833308_169648_0_18.234905,18.234905,15077,false,true,true,1
@250F302971012_1_99_17_792915_214091_1_17.852413,17.852413,15042,false,true,true,1
@250F302971012_1_130_13_766161_238896_1_18.426550,18.42655,14989,false,true,true,1
@250F302971012_1_154_11_871112_142289_3_18.537453,18.537453,10791,false,true,true,1
@250F302971012_1_211_29_885990_126993_2_19.890711,19.890711,10231,false,true,true,1
@250F302971012_1_49_13_803848_215636_2_19.339680,19.33968,12411,false,true,true,1
@250F302971012_1_62_16_863899_168713_1_19.020918,19.020918,10768,false,true,true,1
@250F302971012_1_249_19_866164_163938_1_15.230737,15.230737,12333,false,true,true,1
@250F302971012_1_254_22_875600_156566_1_17.770735,17.770735,12949,false,true,true,1
@250F302971012_1_150_14_871256_180639_1_18.461281,18.461281,13638,false,true,true,1
@250F302971012_1_88_16_919519_143829_1_14.311181,14.311181,11120,false,false,true,0
@250F302971012_1_89_14_886698_171500_1_18.537678,18.537678,11208,false,true,true,1
@250F302971012_1_164_18_922940_140830_1_17.024920,17.02492,11460,false,true,true,1
@250F302971012_1_132_22_941419_126872_1_18.056183,18.056183,10053,false,true,true,1
@250F302971012_1_183_20_933411_134154_1_19.180910,19.18091,10227,false,true,true,1
@250F302971012_1_153_16_959444_123244_1_17.469461,17.469461,10236,false,true,true,1
@250F302971012_1_1_11_946127_140000_0_19.642567,19.642567,10695,false,true,true,1
@250F302971012_1_69_26_955661_133373_1_17.795734,17.795734,10496,false,true,true,1
@250F302971012_1_71_19_960738_128362_3_15.298787,15.298787,11055,false,true,true,1
@250F302971012_1_114_16_909746_175728_1_17.401293,17.401293,14322,false,true,true,1
@250F302971012_1_198_13_950950_137954_2_15.696327,15.696327,11440,false,true,true,1
@250F302971012_1_243_11_933995_167000_1_19.257193,19.257193,10322,false,true,true,1
@250F302971012_1_111_23_932502_174028_1_17.873781,17.873781,10814,false,true,true,1
@250F302971012_1_1024_14_947846_159120_1_18.669277,18.669277,10790,false,true,true,1
@250F302971012_1_30_16_927095_184183_1_17.920238,17.920238,14561,false,true,true,1
@250F302971012_1_81_23_930496_162500_1_15.570463,15.570463,11054,false,true,true,1
@250F302971012_1_137_19_978509_131531_1_16.263979,16.263979,11973,false,true,true,1
@250F302971012_1_47_24_948607_167331_1_20.384235,20.384235,10165,false,true,true,1
@250F302971012_1_129_15_933115_195034_1_17.680227,17.680227,12890,false,true,true,1
@250F302971012_1_138_21_918017_216655_1_19.767775,19.767775,16613,false,true,true,1
@250F302971012_1_109_20_1013088_123148_1_16.113121,16.113121,10785,false,true,true,1
@250F302971012_1_149_25_945573_191690_0_17.320278,17.320278,14928,false,true,true,1
@250F302971012_1_202_22_966918_172071_1_18.453476,18.453476,14252,false,true,true,1
@250F302971012_1_192_28_953047_195533_3_19.480001,19.480001,11855,false,true,true,1
@250F302971012_1_48_18_1034839_125115_2_17.214306,17.214306,10230,false,true,true,1
@250F302971012_1_247_20_956053_212520_1_18.046707,18.046707,14901,false,true,true,1
@250F302971012_1_12_25_1032671_138808_1_14.692490,14.69249,10571,false,false,true,0
@250F302971012_1_141_20_1001647_171296_1_15.867880,15.86788,14035,false,true,true,1
@250F302971012_1_14_17_1022796_160754_2_18.883940,18.88394,12210,false,true,true,1
@250F302971012_1_199_20_1030624_149000_1_15.371161,15.371161,11305,false,true,true,1
@250F302971012_1_3_13_960638_228066_1_15.122276,15.122276,15837,false,true,true,1
@250F302971012_1_50_18_990261_198586_2_18.562143,18.562143,15273,false,true,true,1
@250F302971012_1_78_25_1016237_175497_1_18.546793,18.546793,13737,false,true,true,1
@250F302971012_1_245_26_1032904_157241_1_18.571686,18.571686,12166,false,true,true,1
@250F302971012_1_73_17_982742_212799_1_19.173346,19.173346,16388,false,true,true,1
@250F302971012_1_120_24_1045209_157744_1_17.200537,17.200537,12969,false,true,true,1
@250F302971012_1_140_20_996442_208784_2_18.144495,18.144495,15762,false,true,true,1
@250F302971012_1_36_17_1064314_146575_1_17.643044,17.643044,11500,false,true,true,1
@250F302971012_1_183_22_1085315_130412_1_16.955383,16.955383,10579,false,true,true,1
@250F302971012_1_151_24_1061613_161876_1_17.868843,17.868843,12607,false,true,true,1
@250F302971012_1_157_32_1024772_206676_2_20.559139,20.559139,13155,false,true,true,1
@250F302971012_1_223_22_1044119_186924_1_15.171027,15.171027,11737,false,true,true,1
@250F302971012_1_233_24_1067399_167066_0_19.676235,19.676235,10450,false,true,true,1
@250F302971012_1_88_17_1068404_167000_1_15.817443,15.817443,13867,false,true,true,1
@250F302971012_1_45_15_1108111_135500_2_12.999729,12.999729,11306,false,false,true,0
@250F302971012_1_211_33_1119164_129034_2_19.344730,19.34473,10255,false,true,true,1
@250F302971012_1_255_21_1109849_141504_1_15.064736,15.064736,11340,false,true,true,1
@250F302971012_1_104_26_1073394_183152_1_19.868753,19.868753,11491,false,true,true,1
@250F302971012_1_185_27_1136224_123688_1_16.348156,16.348156,10026,false,true,true,1
@250F302971012_1_204_22_1085647_162500_2_19.202248,19.202248,10076,false,true,true,1
@250F302971012_1_42_17_1124486_143333_1_16.131857,16.131857,11357,false,true,true,1
@250F302971012_1_165_21_1060620_206782_1_20.017170,20.01717,11219,false,true,true,1
@250F302971012_1_215_22_1099192_167000_1_16.902443,16.902443,13505,false,true,true,1
@250F302971012_1_191_22_1032036_244908_2_18.089560,18.08956,16765,false,true,true,1
@250F302971012_1_118_21_1096834_204303_0_15.453729,15.453729,17563,false,true,true,1
@250F302971012_1_139_15_1069164_230000_1_18.417494,18.417494,14448,false,true,true,1
@250F302971012_1_147_29_1152448_154078_1_15.184842,15.184842,12613,false,true,true,1
@250F302971012_1_192_30_1182479_124137_3_17.878857,17.878857,10016,false,true,true,1
@250F302971012_1_10_14_1126030_185957_3_17.600666,17.600666,13811,false,true,true,1
@250F302971012_1_81_27_1137206_184734_1_18.058958,18.058958,12861,false,true,true,1
@250F302971012_1_21_26_1139422_188762_0_14.125060,14.12506,15672,false,false,true,0
@250F302971012_1_61_34_1162670_164778_1_16.461411,16.461411,12496,false,true,true,1
@250F302971012_1_202_26_1190572_144813_1_17.804134,17.804134,11787,false,true,true,1
@250F302971012_1_99_20_1094084_254841_1_21.340487,21.340487,16606,false,true,true,1
@250F302971012_1_193_22_1211896_133293_2_19.356646,19.356646,10526,false,true,true,1
@250F302971012_1_161_31_1215387_135500_2_18.936125,18.936125,10954,false,true,true,1
@250F302971012_1_203_27_1130135_222233_1_16.035769,16.035769,14383,false,true,true,1
@250F302971012_1_15_31_1191358_167651_1_19.237297,19.237297,11694,false,true,true,1
@250F302971012_1_4_20_1213416_148550_1_17.771658,17.771658,11001,false,true,true,1
@250F302971012_1_155_19_1048898_315500_0_17.496639,17.496639,20192,false,true,true,1
@250F302971012_1_66_21_1195374_174538_1_17.910908,17.910908,10456,false,true,true,1
@250F302971012_1_154_16_1083288_279500_3_17.697571,17.697571,20885,false,true,true,1
@250F302971012_1_5_21_1201500_171226_1_11.013809,11.013809,11992,false,false,true,0
@250F302971012_1_115_31_1177321_197755_2_18.745014,18.745014,16369,false,true,true,1
@250F302971012_1_144_21_1257937_117804_1_18.268772,18.268772,10203,false,true,true,1
@250F302971012_1_68_22_1199023_185000_1_17.007927,17.007927,15867,false,true,true,1
@250F302971012_1_87_23_1209016_173677_2_17.807280,17.80728,12068,false,true,true,1
@250F302971012_1_127_20_1115824_266819_1_18.108009,18.108009,17508,false,true,true,1
@250F302971012_1_176_29_1205961_174522_2_17.759497,17.759497,14282,false,true,true,1
@250F302971012_1_221_28_1238609_147941_1_16.368649,16.368649,11935,false,true,true,1
@250F302971012_1_110_19_1184948_206690_1_16.191427,16.191427,17625,false,true,true,1
@250F302971012_1_201_19_1234089_158554_2_17.050459,17.050459,13759,false,true,true,1
@250F302971012_1_128_27_1206946_188450_1_13.079508,13.079508,11966,false,false,true,0
@250F302971012_1_210_26_1215340_182081_2_16.921703,16.921703,14805,false,true,true,1
@250F302971012_1_255_22_1252905_145971_1_17.613667,17.613667,11092,false,true,true,1
@250F302971012_1_74_24_1260908_144995_1_17.576241,17.576241,11307,false,true,true,1
@250F302971012_1_103_28_1262760_142609_1_16.725327,16.725327,12231,false,true,true,1
@250F302971012_1_208_17_1227192_178328_2_10.618142,10.618142,13987,false,false,true,0
@250F302971012_1_227_36_1259384_146337_3_19.723436,19.723436,11632,false,true,true,1
@250F302971012_1_2_21_1258664_159612_1_18.506557,18.506557,10048,false,true,true,1
@250F302971012_1_86_32_1289126_126245_3_17.860790,17.86079,10114,false,true,true,1
@250F302971012_1_137_23_1293198_126229_1_17.207638,17.207638,10585,false,true,true,1
@250F302971012_1_181_27_1292494_131000_3_16.978424,16.978424,10161,false,true,true,1
@250F302971012_1_216_19_986100_443912_1_17.373863,17.373863,17301,false,true,true,1
@250F302971012_1_136_23_1270514_153500_2_17.403257,17.403257,11476,false,true,true,1
@250F302971012_1_79_30_1228605_218216_1_16.785645,16.785645,13811,false,true,true,1
@250F302971012_1_256_27_1277638_175293_2_16.724531,16.724531,14896,false,true,true,1
@250F302971012_1_18_25_1237133_219356_2_18.645393,18.645393,16998,false,true,true,1
@250F302971012_1_172_21_1282529_173814_1_18.247612,18.247612,14518,false,true,true,1
@250F302971012_1_183_25_1324440_131173_1_17.162786,17.162786,10825,false,true,true,1
@250F302971012_1_194_22_1331833_122000_2_17.559380,17.55938,10720,false,true,true,1
@250F302971012_1_245_29_1224967_234345_1_15.505072,15.505072,12789,false,true,true,1
@250F302971012_1_199_24_1337685_122425_1_14.155046,14.155046,10308,false,false,true,0
@250F302971012_1_145_38_1341948_127625_1_16.734329,16.734329,10256,false,true,true,1
@250F302971012_1_198_18_1283373_186381_2_16.518711,16.518711,14879,false,true,true,1
@250F302971012_1_135_18_1225580_248835_2_16.431641,16.431641,19697,false,true,true,1
@250F302971012_1_200_32_1297689_174776_1_19.821465,19.821465,10477,false,true,true,1
@250F302971012_1_13_21_1356086_136241_1_15.908552,15.908552,11003,false,true,true,1
@250F302971012_1_104_29_1360398_131000_1_15.086771,15.086771,10955,false,true,true,1
@250F302971012_1_175_39_1362583_148835_1_16.542059,16.542059,11483,false,true,true,1
@250F302971012_1_173_29_1376664_146758_1_17.299358,17.299358,11938,false,true,true,1
@250F302971012_1_246_22_1353593_170608_1_19.254868,19.254868,13266,false,true,true,1
@250F302971012_1_45_17_1329963_198285_2_15.640114,15.640114,15563,false,true,true,1
@250F302971012_1_129_20_1360308_174959_1_19.092224,19.092224,11931,false,true,true,1
@250F302971012_1_178_21_1420784_116070_0_16.713081,16.713081,10260,false,true,true,1
@250F302971012_1_44_23_1397929_144857_2_16.642302,16.642302,11364,false,true,true,1
@250F302971012_1_126_26_1324302_227556_1_16.821182,16.821182,13112,false,true,true,1
@250F302971012_1_152_23_1413676_136367_1_18.136562,18.136562,10560,false,true,true,1
@250F302971012_1_64_24_1388865_175504_1_15.262157,15.262157,13730,false,true,true,1
@250F302971012_1_133_22_1381600_182996_1_18.687359,18.687359,12789,false,true,true,1
@250F302971012_1_216_20_1431525_132954_1_17.703444,17.703444,10138,false,true,true,1
@250F302971012_1_73_23_1399032_166564_1_16.721491,16.721491,11326,false,true,true,1
@250F302971012_1_213_25_1435708_130527_1_17.344378,17.344378,11119,false,true,true,1
@250F302971012_1_40_25_1403888_168877_2_15.364513,15.364513,13262,false,true,true,1
@250F302971012_1_171_38_1450043_124268_1_16.739599,16.739599,10338,false,true,true,1
@250F302971012_1_211_38_1411448_170401_2_15.456882,15.456882,11759,false,true,true,1
@250F302971012_1_221_31_1444305_142270_1_15.354954,15.354954,12363,false,true,true,1
@250F302971012_1_26_28_1435140_159181_2_16.934858,16.934858,13079,false,true,true,1
@250F302971012_1_63_24_1409990_180649_1_17.323290,17.32329,14431,false,true,true,1
@250F302971012_1_67_19_1437992_155844_1_11.056606,11.056606,11456,false,false,true,0
@250F302971012_1_92_26_1449382_141206_3_19.705738,19.705738,11445,false,true,true,1
@250F302971012_1_138_30_1412121_180577_1_17.007236,17.007236,13712,false,true,true,1
@250F302971012_1_5_23_1407511_190090_1_15.354769,15.354769,13051,false,true,true,1
@250F302971012_1_149_30_1356337_240807_0_17.824799,17.824799,17665,false,true,true,1
@250F302971012_1_166_29_1490777_107313_1_17.148575,17.148575,10477,false,true,true,1
@250F302971012_1_66_22_1375699_229168_1_20.157892,20.157892,14034,false,true,true,1
@250F302971012_1_86_33_1420100_181390_3_17.850744,17.850744,13037,false,true,true,1
@250F302971012_1_187_32_1331050_273534_1_18.631012,18.631012,21048,false,true,true,1
@250F302971012_1_48_20_1303769_301877_2_16.819323,16.819323,26134,false,true,true,1
@250F302971012_1_157_37_1423664_183793_2_16.506035,16.506035,15796,false,true,true,1
@250F302971012_1_203_30_1403701_203153_1_17.107292,17.107292,16198,false,true,true,1
@250F302971012_1_38_29_1481028_136114_3_17.434784,17.434784,10882,false,true,true,1
@250F302971012_1_227_39_1494576_125343_3_17.959213,17.959213,10160,false,true,true,1
@250F302971012_1_47_33_1436197_192967_1_17.585958,17.585958,14448,false,true,true,1
@250F302971012_1_184_38_1478973_147653_1_17.501656,17.501656,10202,false,true,true,1
@250F302971012_1_234_33_1408934_216332_2_17.388983,17.388983,16285,false,true,true,1
@250F302971012_1_116_30_1476653_163842_2_17.332365,17.332365,11561,false,true,true,1
@250F302971012_1_147_36_1505491_135811_1_17.171400,17.1714,10963,false,true,true,1
@250F302971012_1_249_29_1488107_152272_1_13.277341,13.277341,11443,false,false,true,0
@250F302971012_1_169_24_1450577_194000_0_17.997000,17.997,13535,false,true,true,1
@250F302971012_1_106_30_1535619_131000_1_13.189392,13.189392,10867,false,false,true,0
@250F302971012_1_109_28_1486495_167000_1_17.599876,17.599876,12352,false,true,true,1
@250F302971012_1_220_28_1473091_198500_1_13.617491,13.617491,12393,false,false,true,0
@250F302971012_1_141_28_1484798_193556_1_15.821773,15.821773,15020,false,true,true,1
@250F302971012_1_256_30_1545863_130014_2_15.936126,15.936126,11295,false,true,true,1
@250F302971012_1_37_29_1526962_154171_1_17.949459,17.949459,12498,false,true,true,1
@250F302971012_1_127_24_1516012_166161_1_17.644327,17.644327,13542,false,true,true,1
@250F302971012_1_114_25_1532184_154086_1_18.726427,18.726427,11803,false,true,true,1
@250F302971012_1_189_28_1502783_183267_1_18.357622,18.357622,14711,false,true,true,1
@250F302971012_1_193_28_1545039_141994_2_17.321911,17.321911,11126,false,true,true,1
@250F302971012_1_174_39_1538304_153500_1_15.621269,15.621269,12760,false,true,true,1
@250F302971012_1_78_36_1536889_172990_1_19.387444,19.387444,12951,false,true,true,1
@250F302971012_1_30_29_1564151_150494_1_17.234190,17.23419,11416,false,true,true,1
@250F302971012_1_45_19_1544620_162500_2_20.329510,20.32951,10172,false,true,true,1
@250F302971012_1_110_23_1586544_125915_1_15.783916,15.783916,10457,false,true,true,1
@250F302971012_1_232_34_1580562_133913_1_18.711275,18.711275,10226,false,true,true,1
@250F302971012_1_124_21_1567690_147934_1_18.329885,18.329885,11212,false,true,true,1
@250F302971012_1_64_25_1565307_158856_1_20.079338,20.079338,10628,false,true,true,1
@250F302971012_1_97_34_1556819_149000_2_16.204906,16.204906,12041,false,true,true,1
@250F302971012_1_151_35_1605891_125672_1_17.744141,17.744141,10390,false,true,true,1
@250F302971012_1_175_40_1512361_219666_1_14.049692,14.049692,12905,false,false,true,0
@250F302971012_1_244_34_1612795_121775_1_17.009657,17.009657,10488,false,true,true,1
@250F302971012_1_202_32_1617264_120200_1_16.157286,16.157286,10993,false,true,true,1
@250F302971012_1_1_25_1584319_159085_0_19.871439,19.871439,11567,false,true,true,1
@250F302971012_1_156_32_1604620_135405_0_18.547108,18.547108,10615,false,true,true,1
@250F302971012_1_200_34_1519282_230118_1_17.911938,17.911938,17446,false,true,true,1
@250F302971012_1_191_30_1609791_142162_2_18.572136,18.572136,10852,false,true,true,1
@250F302971012_1_12_37_1576633_194843_1_16.997078,16.997078,14941,false,true,true,1
@250F302971012_1_135_24_1648579_124040_2_18.159010,18.15901,10066,false,true,true,1
@250F302971012_1_143_31_1596215_177780_1_16.232828,16.232828,14171,false,true,true,1
@250F302971012_1_70_28_1494667_281106_1_18.517673,18.517673,12692,false,true,true,1
@250F302971012_1_186_38_1550257_225006_1_10.595159,10.595159,15403,false,false,true,0
@250F302971012_1_50_26_1645611_137695_2_18.368338,18.368338,10807,false,true,true,1
@250F302971012_1_162_46_1618128_164434_2_20.208218,20.208218,10133,false,true,true,1
@250F302971012_1_216_21_1565807_217540_1_19.235775,19.235775,14519,false,true,true,1
@250F302971012_1_134_35_1637084_149000_1_16.615738,16.615738,11814,false,true,true,1
@250F302971012_1_63_26_1654618_148371_1_18.201145,18.201145,11747,false,true,true,1
@250F302971012_1_251_39_1641543_162845_1_14.084343,14.084343,10379,false,false,true,0
@250F302971012_1_224_29_1596315_210168_2_14.965199,14.965199,12301,false,false,true,0
@250F302971012_1_3_22_1550465_261778_1_19.029156,19.029156,16797,false,true,true,1
@250F302971012_1_239_42_1680932_133922_1_18.975740,18.97574,10618,false,true,true,1
@250F302971012_1_203_34_1654226_165200_1_16.258249,16.258249,13350,false,true,true,1
@250F302971012_1_163_36_1680813_142852_3_18.101385,18.101385,12641,false,true,true,1
@250F302971012_1_69_36_1678847_147153_1_19.236996,19.236996,11174,false,true,true,1
@250F302971012_1_245_36_1662708_165672_1_18.116686,18.116686,12815,false,true,true,1
@250F302971012_1_34_33_1681184_151330_3_17.663128,17.663128,12262,false,true,true,1
@250F302971012_1_222_33_1676065_158566_1_18.722273,18.722273,11456,false,true,true,1
@250F302971012_1_165_31_1694950_149605_1_19.035404,19.035404,11859,false,true,true,1
@250F302971012_1_242_48_1708051_132977_1_18.196676,18.196676,10922,false,true,true,1
@250F302971012_1_124_22_1717758_135280_1_17.530317,17.530317,10843,false,true,true,1
@250F302971012_1_197_38_1707218_152252_1_11.403875,11.403875,13569,false,false,true,0
@250F302971012_1_219_37_1693786_140000_3_18.641026,18.641026,11060,false,true,true,1
@250F302971012_1_253_39_1732670_125843_1_18.723280,18.72328,10211,false,true,true,1
@250F302971012_1_192_38_1662094_198663_3_17.737753,17.737753,15747,false,true,true,1
@250F302971012_1_201_21_1430737_435011_2_15.508518,15.508518,29305,false,true,true,1
@250F302971012_1_6_31_1724920_157393_2_17.879217,17.879217,11050,false,true,true,1
@250F302971012_1_21_36_1582601_305197_0_13.029673,13.029673,12775,false,false,true,0
@250F302971012_1_46_36_1644609_244413_2_19.206503,19.206503,16255,false,true,true,1
@250F302971012_1_106_32_1742303_147197_1_17.819326,17.819326,10063,false,true,true,1
@250F302971012_1_77_44_1668144_224804_1_17.695274,17.695274,16689,false,true,true,1
@250F302971012_1_147_41_1741135_153500_1_17.829685,17.829685,11973,false,true,true,1
@250F302971012_1_246_27_1756955_149264_1_16.601580,16.60158,12998,false,true,true,1
@250F302971012_1_102_30_1731280_180438_3_17.990692,17.990692,11823,false,true,true,1
@250F302971012_1_152_29_1781423_126500_1_17.519524,17.519524,10236,false,true,true,1
@250F302971012_1_153_36_1774856_137552_1_16.835739,16.835739,10983,false,true,true,1
@250F302971012_1_135_25_1780842_134497_2_16.749317,16.749317,10465,false,true,true,1
@250F302971012_1_109_30_1736642_195753_1_16.920284,16.920284,14694,false,true,true,1
@250F302971012_1_30_31_1726526_212339_1_18.735235,18.735235,16953,false,true,true,1
@250F302971012_1_128_36_1752007_187812_1_11.882847,11.882847,15946,false,false,true,0
@250F302971012_1_4_31_1779327_165290_1_20.932491,20.932491,10643,false,true,true,1
@250F302971012_1_48_25_1807967_135500_2_16.150749,16.150749,11391,false,true,true,1
@250F302971012_1_169_26_1723197_227588_0_18.516602,18.516602,17257,false,true,true,1
@250F302971012_1_211_44_1819649_134851_2_12.905224,12.905224,12071,false,false,true,0
@250F302971012_1_45_21_1805734_153742_2_10.164736,10.164736,10868,false,false,true,0
@250F302971012_1_75_31_1800303_158487_2_15.367968,15.367968,11121,false,true,true,1
@250F302971012_1_139_25_1756661_200741_1_14.617701,14.617701,14972,false,false,true,0
@250F302971012_1_126_33_1767451_200023_1_20.383673,20.383673,12758,false,true,true,1
@250F302971012_1_158_36_1780745_187239_3_18.991659,18.991659,12820,false,true,true,1
@250F302971012_1_42_36_1829947_142807_1_17.868183,17.868183,12401,false,true,true,1
@250F302971012_1_214_30_1776742_193695_1_16.339521,16.339521,15362,false,true,true,1
@250F302971012_1_69_37_1832106_143442_1_17.267212,17.267212,10184,false,true,true,1
@250F302971012_1_254_47_1850921_130035_1_17.023325,17.023325,12188,false,true,true,1
@250F302971012_1_155_30_1858948_126500_0_14.690453,14.690453,11220,false,false,true,0
@250F302971012_1_89_25_1816849_192321_1_17.816532,17.816532,14350,false,true,true,1
@250F302971012_1_215_36_1793361_212977_1_20.136662,20.136662,13137,false,true,true,1
@250F302971012_1_114_30_1845521_174206_1_15.350503,15.350503,14249,false,true,true,1
@250F302971012_1_194_31_1865641_154619_2_19.782646,19.782646,10035,false,true,true,1
@250F302971012_1_86_42_1880986_152234_3_20.792398,20.792398,11250,false,true,true,1
@250F302971012_1_188_33_1910370_121589_2_14.464672,14.464672,10517,false,false,true,0
@250F302971012_1_81_35_1861219_176771_1_17.103319,17.103319,12445,false,true,true,1
@250F302971012_1_145_48_1902339_135500_1_17.750084,17.750084,10578,false,true,true,1
@250F302971012_1_190_39_1826493_209770_0_18.976984,18.976984,11963,false,true,true,1
@250F302971012_1_208_29_1897438_140119_2_16.989235,16.989235,10558,false,true,true,1
@250F302971012_1_251_41_1898803_136251_1_19.890274,19.890274,10464,false,true,true,1
@250F302971012_1_13_29_1821997_221000_1_18.323904,18.323904,14165,false,true,true,1
@250F302971012_1_63_29_1862840_176000_1_16.762943,16.762943,13477,false,true,true,1
@250F302971012_1_28_41_1904238_145595_1_17.789738,17.789738,10898,false,true,true,1
@250F302971012_1_53_31_1875772_178516_1_16.780621,16.780621,11783,false,true,true,1
@250F302971012_1_88_34_1891464_158699_1_12.826633,12.826633,13714,false,false,true,0
@250F302971012_1_229_39_1893278_158000_2_18.526848,18.526848,14544,false,true,true,1
@250F302971012_1_134_37_1812342_247277_1_20.865868,20.865868,14411,false,true,true,1
@250F302971012_1_1024_29_1902449_156241_1_18.129017,18.129017,12847,false,true,true,1
@250F302971012_1_67_26_1858948_207165_1_11.040882,11.040882,15126,false,false,true,0
@250F302971012_1_197_39_1875984_192806_1_12.232292,12.232292,16697,false,false,true,0
@250F302971012_1_227_44_1873946_195860_3_17.833706,17.833706,15614,false,true,true,1
@250F302971012_1_34_35_1899068_175248_3_16.746672,16.746672,13334,false,true,true,1
@250F302971012_1_223_37_1914930_163366_1_15.651804,15.651804,12761,false,true,true,1
@250F302971012_1_200_41_1913034_170048_1_19.017826,19.017826,13125,false,true,true,1
@250F302971012_1_209_35_1928114_160476_2_19.817936,19.817936,10152,false,true,true,1
@250F302971012_1_106_35_1949916_147960_1_14.972738,14.972738,10827,false,false,true,0
@250F302971012_1_189_35_1906197_189500_1_13.773891,13.773891,16940,false,false,true,0
@250F302971012_1_204_37_1927502_171650_2_16.424959,16.424959,14152,false,true,true,1
@250F302971012_1_221_38_1957608_140592_1_16.470812,16.470812,10964,false,true,true,1
@250F302971012_1_24_37_1988682_126793_3_16.526968,16.526968,10177,false,true,true,1
@250F302971012_1_146_35_1977327_138233_1_17.078150,17.07815,10761,false,true,true,1
@250F302971012_1_156_38_1993988_122238_0_15.830349,15.830349,10564,false,true,true,1
@250F302971012_1_159_35_1984078_136105_1_16.034189,16.034189,11110,false,true,true,1
@250F302971012_1_107_30_1817924_308071_1_19.058250,19.05825,18643,false,true,true,1
@250F302971012_1_256_39_1955756_173858_2_19.283783,19.283783,10905,false,true,true,1
@250F302971012_1_23_39_1888151_244778_2_19.532536,19.532536,16147,false,true,true,1
@250F302971012_1_143_37_1995008_142623_1_17.997553,17.997553,11710,false,true,true,1
@250F302971012_1_176_39_1950726_189311_2_18.260996,18.260996,13866,false,true,true,1
@250F302971012_1_154_30_2012957_134390_3_18.820173,18.820173,10727,false,true,true,1
@250F302971012_1_6_32_1882427_269018_2_10.638346,10.638346,17019,false,false,true,0
@250F302971012_1_144_37_2016549_135500_1_16.647488,16.647488,11285,false,true,true,1
@250F302971012_1_213_33_1962670_189500_1_16.401045,16.401045,17395,false,true,true,1
@250F302971012_1_8_38_1888734_266000_2_19.519981,19.519981,11578,false,true,true,1
@250F302971012_1_172_30_1945485_213473_1_19.234993,19.234993,17878,false,true,true,1
@250F302971012_1_192_42_1958816_199213_3_10.651686,10.651686,10258,false,false,true,0
@250F302971012_1_248_43_1986189_170197_0_18.254869,18.254869,13831,false,true,true,1
@250F302971012_1_96_37_1985555_181535_1_10.084732,10.084732,14140,false,false,true,0
@250F302971012_1_199_37_2019368_150419_1_16.837709,16.837709,11236,false,true,true,1
@250F302971012_1_97_41_1997797_171500_2_18.495659,18.495659,12858,false,true,true,1
@250F302971012_1_203_40_2025318_145046_1_18.365396,18.365396,10759,false,true,true,1
@250F302971012_1_153_40_2060173_119187_1_18.501036,18.501036,10111,false,true,true,1
@250F302971012_1_233_46_2011313_172816_0_17.958876,17.958876,12926,false,true,true,1
@250F302971012_1_239_45_1892595_287862_1_18.319418,18.319418,23194,false,true,true,1
@250F302971012_1_27_41_2021308_167000_3_9.255015,9.255015,12391,false,false,true,0
@250F302971012_1_129_29_2000881_192295_1_16.496851,16.496851,15552,false,true,true,1
@250F302971012_1_219_43_2063821_130217_3_15.564713,15.564713,12562,false,true,true,1
@250F302971012_1_1024_30_2058875_135909_1_16.927692,16.927692,10522,false,true,true,1
@250F302971012_1_11_44_2027602_174998_3_17.510761,17.510761,13038,false,true,true,1
@250F302971012_1_88_35_2051836_149375_1_17.474802,17.474802,11311,false,true,true,1
@250F302971012_1_182_36_1961324_242815_2_9.646515,9.646515,10194,false,false,true,0
@250F302971012_1_185_40_2041200_162794_1_9.148932,9.148932,13446,false,false,true,0
@250F302971012_1_193_38_2083048_117988_2_17.371059,17.371059,10675,false,true,true,1
@250F302971012_1_195_43_2002438_199357_3_17.285498,17.285498,14708,false,true,true,1
@250F302971012_1_198_30_2078275_124847_2_17.678406,17.678406,10278,false,true,true,1
@250F302971012_1_216_28_2032341_171913_1_18.819176,18.819176,13176,false,true,true,1
@250F302971012_1_42_39_2062214_145440_1_17.490887,17.490887,11956,false,true,true,1
@250F302971012_1_212_37_2071815_135500_0_17.723942,17.723942,10220,false,true,true,1
@250F302971012_1_234_43_2005623_202153_2_16.643135,16.643135,16893,false,true,true,1
@250F302971012_1_126_35_2010553_200453_1_16.851416,16.851416,14578,false,true,true,1
@250F302971012_1_131_46_2045649_167000_1_17.787306,17.787306,10592,false,true,true,1
@250F302971012_1_186_41_1876112_337701_1_16.691526,16.691526,27398,false,true,true,1
@250F302971012_1_205_40_2059847_152158_1_18.991377,18.991377,11761,false,true,true,1
@250F302971012_1_93_43_1998986_225859_1_17.680199,17.680199,12331,false,true,true,1
@250F302971012_1_194_34_2067393_167517_2_19.403391,19.403391,10643,false,true,true,1
@250F302971012_1_158_42_2093512_154046_3_16.273249,16.273249,10348,false,true,true,1
@250F302971012_1_207_40_2061479_185882_1_16.205839,16.205839,13930,false,true,true,1
@250F302971012_1_71_44_2112449_147046_3_19.272863,19.272863,10921,false,true,true,1
@250F302971012_1_64_31_2064121_203000_1_15.499361,15.499361,11488,false,true,true,1
@250F302971012_1_138_41_2126280_141150_1_17.844379,17.844379,10276,false,true,true,1
@250F302971012_1_108_42_1999046_270500_1_17.240705,17.240705,18816,false,true,true,1
@250F302971012_1_45_24_2144151_131000_2_19.953802,19.953802,10117,false,true,true,1
@250F302971012_1_16_41_2110532_158000_2_16.658676,16.658676,12144,false,true,true,1
@250F302971012_1_78_40_2067832_215697_1_18.991550,18.99155,16532,false,true,true,1
@250F302971012_1_200_42_2085191_203731_1_19.784082,19.784082,11924,false,true,true,1
@250F302971012_1_253_48_2097480_196004_1_16.902439,16.902439,14913,false,true,true,1
@250F302971012_1_77_50_2156370_151080_1_18.573250,18.57325,11701,false,true,true,1
@250F302971012_1_53_34_2152095_166068_1_18.819811,18.819811,11661,false,true,true,1
@250F302971012_1_73_40_2192152_127566_1_17.130674,17.130674,10057,false,true,true,1
@250F302971012_1_107_31_2142180_176000_1_19.672262,19.672262,11106,false,true,true,1
@250F302971012_1_150_45_2173690_154503_1_9.897869,9.897869,11452,false,false,true,0
@250F302971012_1_189_38_2192275_139702_1_17.698059,17.698059,10052,false,true,true,1
@250F302971012_1_69_41_2098597_240691_1_15.569364,15.569364,17563,false,true,true,1
@250F302971012_1_12_48_2166386_179728_1_14.723661,14.723661,14697,false,false,true,0
@250F302971012_1_63_33_2191913_153500_1_19.319576,19.319576,11847,false,true,true,1
@250F302971012_1_141_37_2055665_294816_1_18.182842,18.182842,20447,false,true,true,1
@250F302971012_1_146_37_2197130_154452_1_17.065193,17.065193,11823,false,true,true,1
@250F302971012_1_209_37_2182566_167000_2_17.718237,17.718237,13062,false,true,true,1
@250F302971012_1_23_42_2245709_123764_2_18.506905,18.506905,10224,false,true,true,1
@250F302971012_1_112_53_2232281_138429_2_17.109625,17.109625,10787,false,true,true,1
@250F302971012_1_242_56_2197298_174726_1_21.591471,21.591471,10682,false,true,true,1
@250F302971012_1_210_43_2241006_137346_2_16.017740,16.01774,11745,false,true,true,1
@250F302971012_1_221_40_2219368_159775_1_18.525869,18.525869,11078,false,true,true,1
@250F302971012_1_30_39_2169670_212907_1_20.000484,20.000484,13287,false,true,true,1
@250F302971012_1_181_48_2243071_138626_3_17.554281,17.554281,11504,false,true,true,1
@250F302971012_1_254_56_2215156_172898_1_17.747463,17.747463,13801,false,true,true,1
@250F302971012_1_157_46_2237837_149000_2_18.889668,18.889668,11597,false,true,true,1
@250F302971012_1_191_44_2266859_124584_2_19.255487,19.255487,10049,false,true,true,1
@250F302971012_1_132_48_2255869_144109_1_16.897614,16.897614,11677,false,true,true,1
@250F302971012_1_145_56_2241563_156602_1_16.090586,16.090586,11622,false,true,true,1
@250F302971012_1_187_48_2222337_173651_1_18.388439,18.388439,13366,false,true,true,1
@250F302971012_1_201_27_2210549_187976_2_20.206177,20.206177,12436,false,true,true,1
@250F302971012_1_49_36_2221403_180319_2_17.219130,17.21913,14269,false,true,true,1
@250F302971012_1_149_45_2246944_157283_0_16.158636,16.158636,11926,false,true,true,1
@250F302971012_1_190_43_2221981_181402_0_15.171169,15.171169,10826,false,true,true,1
@250F302971012_1_86_45_2171521_239168_3_18.410845,18.410845,14435,false,true,true,1
@250F302971012_1_99_39_2283404_131501_1_18.485073,18.485073,10105,false,true,true,1
@250F302971012_1_147_46_2210736_203474_1_18.611567,18.611567,12658,false,true,true,1
@250F302971012_1_167_46_2253401_162500_1_18.371641,18.371641,12727,false,true,true,1
@250F302971012_1_197_44_2251686_165339_1_12.684521,12.684521,12888,false,false,true,0
@250F302971012_1_234_46_2237724_181963_2_16.960066,16.960066,13274,false,true,true,1
@250F302971012_1_137_43_2259591_164766_1_17.645115,17.645115,12964,false,true,true,1
@250F302971012_1_68_41_2287434_137729_1_15.015687,15.015687,10260,false,true,true,1
@250F302971012_1_87_42_2298343_140134_2_15.808033,15.808033,10216,false,true,true,1
@250F302971012_1_182_39_2268014_176401_2_17.892607,17.892607,14286,false,true,true,1
@250F302971012_1_53_35_2327546_123915_1_17.897774,17.897774,10092,false,true,true,1
@250F302971012_1_80_41_2224717_237606_1_18.076462,18.076462,19676,false,true,true,1
@250F302971012_1_108_44_2325531_136406_1_18.107447,18.107447,11176,false,true,true,1
@250F302971012_1_115_53_2264501_197043_2_19.490435,19.490435,10785,false,true,true,1
@250F302971012_1_205_45_2335519_126933_1_17.954170,17.95417,10742,false,true,true,1
@250F302971012_1_139_31_2295465_173720_1_15.396944,15.396944,13954,false,true,true,1
@250F302971012_1_227_50_2289989_179091_3_18.169081,18.169081,13366,false,true,true,1
@250F302971012_1_92_44_2289448_184484_3_18.720015,18.720015,14162,false,true,true,1
@250F302971012_1_142_39_2334837_140252_3_18.238796,18.238796,11010,false,true,true,1
@250F302971012_1_6_35_2278241_208290_2_17.736933,17.736933,15386,false,true,true,1
@250F302971012_1_161_53_2265083_226863_2_19.404800,19.4048,14659,false,true,true,1
@250F302971012_1_171_60_2351700_141492_1_18.073700,18.0737,10405,false,true,true,1
@250F302971012_1_77_52_2365902_132438_1_17.720531,17.720531,11184,false,true,true,1
@250F302971012_1_120_53_2340901_156166_1_20.248569,20.248569,11994,false,true,true,1
@250F302971012_1_40_42_2340316_162500_2_17.350100,17.3501,10436,false,true,true,1
@250F302971012_1_239_48_2368492_133502_1_18.084572,18.084572,10557,false,true,true,1
@250F302971012_1_82_45_2321147_184196_2_17.638180,17.63818,13519,false,true,true,1
@250F302971012_1_238_56_2247796_266230_3_17.858177,17.858177,21298,false,true,true,1
@250F302971012_1_143_41_2390671_131321_1_15.575233,15.575233,11037,false,true,true,1
@250F302971012_1_210_44_2379090_154088_2_17.611153,17.611153,12401,false,true,true,1
@250F302971012_1_138_42_2269769_266714_1_10.940159,10.940159,17334,false,false,true,0
@250F302971012_1_186_43_2351935_186120_1_16.008671,16.008671,14441,false,true,true,1
@250F302971012_1_144_43_2385592_154725_1_17.544460,17.54446,11987,false,true,true,1
@250F302971012_1_175_53_2362904_177440_1_18.434046,18.434046,13840,false,true,true,1
@250F302971012_1_2_36_2380599_168795_1_16.700672,16.700672,11190,false,true,true,1
@250F302971012_1_79_48_2332622_212000_1_13.290620,13.29062,11560,false,false,true,0
@250F302971012_1_181_50_2408446_136964_3_17.679253,17.679253,11477,false,true,true,1
@250F302971012_1_46_46_2409240_135500_2_17.244791,17.244791,10918,false,true,true,1
@250F302971012_1_118_43_2396813_153500_0_17.865871,17.865871,11588,false,true,true,1
@250F302971012_1_62_43_2382688_179416_1_19.104261,19.104261,11327,false,true,true,1
@250F302971012_1_91_50_2347879_225192_1_16.481955,16.481955,18124,false,true,true,1
@250F302971012_1_162_62_2413616_158000_2_17.145649,17.145649,10284,false,true,true,1
@250F302971012_1_3_35_2407532_179036_1_17.748325,17.748325,10964,false,true,true,1
@250F302971012_1_48_33_2438545_147561_2_16.247972,16.247972,12143,false,true,true,1
@250F302971012_1_49_38_2403818_192529_2_16.447044,16.447044,15895,false,true,true,1
@250F302971012_1_149_46_2412033_183756_0_18.099304,18.099304,11390,false,true,true,1
@250F302971012_1_67_35_2435557_165975_1_10.917568,10.917568,11146,false,false,true,0
@250F302971012_1_89_33_2436949_166054_1_16.409805,16.409805,13906,false,true,true,1
@250F302971012_1_165_50_2427662_172921_1_19.864716,19.864716,13177,false,true,true,1
@250F302971012_1_229_54_2486250_114031_2_19.047497,19.047497,10284,false,true,true,1
@250F302971012_1_8_43_2366359_239258_2_16.533535,16.533535,19236,false,true,true,1
@250F302971012_1_71_48_2419185_185836_3_19.020536,19.020536,11871,false,true,true,1
@250F302971012_1_88_44_2487498_131000_1_18.984449,18.984449,10449,false,true,true,1
@250F302971012_1_169_38_2435898_185000_0_18.635204,18.635204,11702,false,true,true,1
@250F302971012_1_217_40_2308509_313886_2_15.545956,15.545956,26603,false,true,true,1
@250F302971012_1_110_39_2462258_180066_1_12.921371,12.921371,10202,false,false,true,0
@250F302971012_1_107_37_2523247_125232_1_17.200657,17.200657,10348,false,true,true,1
@250F302971012_1_197_46_2462858_186412_1_12.542318,12.542318,15647,false,false,true,0
@250F302971012_1_134_52_2472394_179214_1_18.791050,18.79105,14527,false,true,true,1
@250F302971012_1_184_63_2483265_174384_1_16.434799,16.434799,10404,false,true,true,1
@250F302971012_1_208_38_2417923_240562_2_17.041601,17.041601,14614,false,true,true,1
@250F302971012_1_13_39_2540962_128809_1_10.306782,10.306782,10473,false,false,true,0
@250F302971012_1_195_47_2362367_305785_3_20.660200,20.6602,19085,false,true,true,1
@250F302971012_1_167_51_2528150_146033_1_16.499346,16.499346,12027,false,true,true,1
@250F302971012_1_4_43_2515263_162042_1_17.166130,17.16613,10516,false,true,true,1
@250F302971012_1_74_48_2529821_152923_1_19.853725,19.853725,11278,false,true,true,1
@250F302971012_1_176_46_2552490_140764_2_19.186594,19.186594,10848,false,true,true,1
@250F302971012_1_235_46_2378107_321388_1_17.346746,17.346746,21081,false,true,true,1
@250F302971012_1_143_42_2530464_174214_1_16.710566,16.710566,15494,false,true,true,1
@250F302971012_1_204_51_2560574_140000_2_16.154442,16.154442,11166,false,true,true,1
@250F302971012_1_227_53_2567351_122000_3_16.975195,16.975195,10550,false,true,true,1
@250F302971012_1_132_52_2586880_129357_1_19.264616,19.264616,10670,false,true,true,1
@250F302971012_1_42_44_2536065_193530_1_17.838366,17.838366,14799,false,true,true,1
@250F302971012_1_248_51_2462813_266242_0_9.777634,9.777634,18627,false,false,true,0
@250F302971012_1_219_53_2605284_122000_3_15.370708,15.370708,10180,false,true,true,1
@250F302971012_1_11_53_2554517_182057_3_17.500050,17.50005,14161,false,true,true,1
@250F302971012_1_128_49_2628920_127404_1_13.480401,13.480401,10559,false,false,true,0
@250F302971012_1_226_67_2578439_186230_1_21.245850,21.24585,11453,false,true,true,1
@250F302971012_1_142_41_2606826_162617_3_16.717270,16.71727,14634,false,true,true,1
@250F302971012_1_105_44_2344902_425603_1_17.434034,17.434034,29189,false,true,true,1
@250F302971012_1_129_38_2593639_190440_1_16.915289,16.915289,15624,false,true,true,1
@250F302971012_1_163_55_2651883_133062_3_18.300943,18.300943,10284,false,true,true,1
@250F302971012_1_150_55_2570769_214942_1_18.310005,18.310005,17001,false,true,true,1
@250F302971012_1_225_54_2587495_199706_3_15.850949,15.850949,16852,false,true,true,1
@250F302971012_1_62_46_2605558_185884_1_17.762568,17.762568,10100,false,true,true,1
@250F302971012_1_198_43_2680170_108500_2_15.933237,15.933237,10701,false,true,true,1
@250F302971012_1_229_55_2603241_185000_2_17.041023,17.041023,16561,false,true,true,1
@250F302971012_1_173_48_2667822_132247_1_18.714022,18.714022,10452,false,true,true,1
@250F302971012_1_201_33_2652710_149229_2_20.234089,20.234089,10067,false,true,true,1
@250F302971012_1_66_46_2620408_187487_1_19.479702,19.479702,11587,false,true,true,1
@250F302971012_1_244_58_2675618_131833_1_18.028847,18.028847,10235,false,true,true,1
@250F302971012_1_81_46_2655674_163024_1_20.958975,20.958975,10298,false,true,true,1
@250F302971012_1_23_49_2666603_156193_2_17.985765,17.985765,12584,false,true,true,1
@250F302971012_1_102_52_2590032_238408_3_18.759842,18.759842,15344,false,true,true,1
@250F302971012_1_256_51_2674077_157318_2_16.869152,16.869152,12093,false,true,true,1
@250F302971012_1_37_49_2674117_164291_1_18.360092,18.360092,11472,false,true,true,1
@250F302971012_1_110_40_2644030_189500_1_20.053995,20.053995,13333,false,true,true,1
@250F302971012_1_236_59_2710937_134040_1_17.917793,17.917793,12275,false,true,true,1
@250F302971012_1_53_44_2710093_135500_1_16.116903,16.116903,10560,false,true,true,1
@250F302971012_1_90_61_2681627_166510_2_18.833813,18.833813,10298,false,true,true,1
@250F302971012_1_109_44_2686177_162663_1_17.082333,17.082333,13175,false,true,true,1
@250F302971012_1_188_45_2682891_163848_2_17.973326,17.973326,13072,false,true,true,1
@250F302971012_1_216_39_2715914_130151_1_16.022526,16.022526,10683,false,true,true,1
@250F302971012_1_75_47_2650650_207041_2_17.914055,17.914055,14995,false,true,true,1
@250F302971012_1_106_47_2613459_241760_1_17.166672,17.166672,16281,false,true,true,1
@250F302971012_1_146_47_2685377_169919_1_17.282814,17.282814,11315,false,true,true,1
@250F302971012_1_215_49_2665673_193222_1_18.870483,18.870483,12288,false,true,true,1
@250F302971012_1_112_62_2697441_169257_2_15.924925,15.924925,10193,false,true,true,1
@250F302971012_1_211_64_2718597_159078_2_17.211535,17.211535,13370,false,true,true,1
@250F302971012_1_116_51_2753781_134813_2_15.682368,15.682368,10735,false,true,true,1
@250F302971012_1_165_51_2603287_283646_1_16.038321,16.038321,10884,false,true,true,1
@250F302971012_1_194_46_2734823_149000_2_16.670662,16.670662,12148,false,true,true,1
@250F302971012_1_11_54_2737522_153500_3_16.218813,16.218813,11016,false,true,true,1
@250F302971012_1_134_56_2746504_145917_1_19.148544,19.148544,11452,false,true,true,1
@250F302971012_1_1024_43_2590068_302613_1_20.279047,20.279047,20374,false,true,true,1
@250F302971012_1_64_41_2673229_221000_1_17.192595,17.192595,17560,false,true,true,1
@250F302971012_1_108_49_2708471_189958_1_11.415582,11.415582,14366,false,false,true,0
@250F302971012_1_239_53_2579675_315643_1_19.645197,19.645197,20606,false,true,true,1
@250F302971012_1_10_50_2775242_126122_3_16.079363,16.079363,10577,false,true,true,1
@250F302971012_1_166_60_2722072_181793_1_19.360229,19.360229,11084,false,true,true,1
@250F302971012_1_133_49_2687318_221000_1_21.458584,21.458584,12756,false,true,true,1
@250F302971012_1_203_50_2642365_268830_1_19.961056,19.961056,12981,false,true,true,1
@250F302971012_1_129_39_2797476_121606_1_17.092278,17.092278,10360,false,true,true,1
@250F302971012_1_249_54_2749736_168016_1_15.931032,15.931032,11274,false,true,true,1
@250F302971012_1_242_64_2711077_215463_1_19.698219,19.698219,13901,false,true,true,1
@250F302971012_1_6_47_2691919_225500_2_15.794024,15.794024,17686,false,true,true,1
@250F302971012_1_12_56_2781643_154634_1_10.120594,10.120594,10244,false,false,true,0
@250F302971012_1_187_60_2804246_135034_1_16.813833,16.813833,10054,false,true,true,1
@250F302971012_1_189_50_2786417_152290_1_18.372477,18.372477,12133,false,true,true,1
@250F302971012_1_173_49_2801363_146278_1_16.482185,16.482185,12373,false,true,true,1
@250F302971012_1_77_56_2786687_177094_1_15.008408,15.008408,16394,false,true,true,1
@250F302971012_1_195_50_2767315_195435_3_16.943893,16.943893,14983,false,true,true,1
@250F302971012_1_48_38_2799194_158000_2_16.124189,16.124189,11106,false,true,true,1
@250F302971012_1_70_56_2828751_147890_1_18.181168,18.181168,11716,false,true,true,1
@250F302971012_1_178_50_2710786_268840_0_16.319874,16.319874,17194,false,true,true,1
@250F302971012_1_200_52_2797728_181741_1_14.899908,14.899908,14644,false,false,true,0
@250F302971012_1_102_53_2837972_144500_3_16.929228,16.929228,12024,false,true,true,1
@250F302971012_1_162_70_2815383_175501_2_20.003702,20.003702,11338,false,true,true,1
@250F302971012_1_46_56_2833697_164319_2_17.818438,17.818438,12742,false,true,true,1
@250F302971012_1_164_54_2867226_140000_1_18.147026,18.147026,10131,false,true,true,1
@250F302971012_1_26_58_2877492_138001_2_17.837769,17.837769,11151,false,true,true,1
@250F302971012_1_36_48_2862092_158535_1_18.082090,18.08209,12885,false,true,true,1
@250F302971012_1_53_45_2855901_162500_1_18.326859,18.326859,10905,false,true,true,1
@250F302971012_1_175_59_2835134_193391_1_17.727774,17.727774,14652,false,true,true,1
@250F302971012_1_127_59_2868792_167167_1_18.714993,18.714993,13243,false,true,true,1
@250F302971012_1_197_50_2862090_175587_1_11.697512,11.697512,15260,false,false,true,0
@250F302971012_1_15_61_2912045_131295_1_16.336552,16.336552,11467,false,true,true,1
@250F302971012_1_16_55_2907549_134634_2_16.822456,16.822456,10323,false,true,true,1
@250F302971012_1_40_50_2902330_144500_2_17.217091,17.217091,11305,false,true,true,1
@250F302971012_1_221_49_2905356_143880_1_14.507448,14.507448,11683,false,false,true,0
@250F302971012_1_4_47_2882699_168073_1_19.677038,19.677038,10686,false,true,true,1
@250F302971012_1_251_59_2882362_167000_1_18.295824,18.295824,11591,false,true,true,1
@250F302971012_1_61_63_2923880_135511_1_13.591717,13.591717,10305,false,false,true,0
@250F302971012_1_160_32_2603282_446000_2_7.611806,7.611806,30800,false,false,true,0
@250F302971012_1_98_73_2901529_158000_1_17.958635,17.958635,12298,false,true,true,1
@250F302971012_1_141_49_2926417_135500_1_14.922366,14.922366,11485,false,false,true,0
@250F302971012_1_49_42_2690254_374000_2_13.185724,13.185724,21066,false,false,true,0
@250F302971012_1_137_51_2913452_149000_1_17.189842,17.189842,12123,false,true,true,1
@250F302971012_1_202_60_2929061_139322_1_17.855005,17.855005,11503,false,true,true,1
@250F302971012_1_225_58_2909342_149000_3_16.241625,16.241625,13613,false,true,true,1
@250F302971012_1_88_48_2928928_140000_1_20.345169,20.345169,10965,false,true,true,1
@250F302971012_1_159_50_2798358_276210_1_16.516195,16.516195,20845,false,true,true,1
@250F302971012_1_203_51_2911586_158000_1_15.841467,15.841467,11052,false,true,true,1
@250F302971012_1_5_49_2905822_171500_1_15.443873,15.443873,13246,false,true,true,1
@250F302971012_1_176_55_2915464_166749_2_18.661192,18.661192,10447,false,true,true,1
@250F302971012_1_87_50_2850353_242539_2_20.613228,20.613228,14947,false,true,true,1
@250F302971012_1_74_50_2695491_410676_1_19.305326,19.305326,24682,false,true,true,1
@250F302971012_1_238_68_2915190_190354_3_18.514465,18.514465,16073,false,true,true,1
@250F302971012_1_104_60_2973891_131000_1_18.174770,18.17477,10241,false,true,true,1
@250F302971012_1_230_57_2928134_186334_3_17.760155,17.760155,13597,false,true,true,1
@250F302971012_1_1_49_2956634_162500_0_18.386744,18.386744,10461,false,true,true,1
@250F302971012_1_131_61_2950703_178749_1_17.001989,17.001989,14180,false,true,true,1
@250F302971012_1_198_47_2947605_180436_2_15.174627,15.174627,14218,false,true,true,1
@250F302971012_1_253_67_2932357_200931_1_13.521771,13.521771,12745,false,false,true,0
@250F302971012_1_146_49_2956472_192178_1_17.632961,17.632961,12516,false,true,true,1
@250F302971012_1_207_57_2983683_164719_1_13.182264,13.182264,12230,false,false,true,0
@250F302971012_1_138_52_2980419_171500_1_17.961721,17.961721,13665,false,true,true,1
@250F302971012_1_140_45_2892412_261696_2_16.982147,16.982147,15428,false,true,true,1
@250F302971012_1_26_59_3017859_144600_2_14.527081,14.527081,11775,false,false,true,0
@250F302971012_1_142_46_3011382_149000_3_17.737085,17.737085,11413,false,true,true,1
@250F302971012_1_178_51_2983963_177602_0_17.998465,17.998465,12652,false,true,true,1
@250F302971012_1_217_49_2933300_230772_2_14.898613,14.898613,18811,false,false,true,0
@250F302971012_1_120_58_2759026_407301_1_10.901088,10.901088,14288,false,false,true,0
@250F302971012_1_11_55_2892428_275000_3_18.467501,18.467501,21919,false,true,true,1
@250F302971012_1_77_59_3037042_149316_1_16.790907,16.790907,11968,false,true,true,1
@250F302971012_1_114_52_3048179_139606_1_16.824949,16.824949,11538,false,true,true,1
@250F302971012_1_98_74_3062013_133601_1_17.049355,17.049355,10490,false,true,true,1
@250F302971012_1_107_43_3053952_141700_1_18.208693,18.208693,11670,false,true,true,1
@250F302971012_1_158_55_3042914_153304_3_17.637671,17.637671,11681,false,true,true,1
@250F302971012_1_213_51_3016439_171500_1_13.679070,13.67907,14254,false,false,true,0
@250F302971012_1_256_60_3040308_157860_2_16.545036,16.545036,11877,false,true,true,1
@250F302971012_1_145_76_2974160_228369_1_17.118828,17.118828,11988,false,true,true,1
@250F302971012_1_143_50_3030636_177686_1_18.171581,18.171581,13788,false,true,true,1
@250F302971012_1_156_57_2986512_216500_0_18.776295,18.776295,13203,false,true,true,1
@250F302971012_1_241_64_3062339_153809_1_13.917570,13.91757,10875,false,false,true,0
@250F302971012_1_75_53_3015818_207125_2_18.499245,18.499245,14681,false,true,true,1
@250F302971012_1_116_54_2990414_233035_2_18.897978,18.897978,15492,false,true,true,1
@250F302971012_1_139_44_3063418_158771_1_18.477814,18.477814,12081,false,true,true,1
@250F302971012_1_192_62_3056199_164689_3_18.102125,18.102125,13242,false,true,true,1
@250F302971012_1_245_63_3034557_192766_1_17.554758,17.554758,15094,false,true,true,1
@250F302971012_1_103_69_3110329_130454_1_18.261059,18.261059,10316,false,true,true,1
@250F302971012_1_248_61_3123512_117393_0_17.155024,17.155024,10094,false,true,true,1
@250F302971012_1_23_56_3054092_196809_2_17.398182,17.398182,15764,false,true,true,1
@250F302971012_1_215_61_3110839_140000_1_16.938318,16.938318,11499,false,true,true,1
@250F302971012_1_49_43_3081617_177578_2_17.270163,17.270163,13911,false,true,true,1
@250F302971012_1_193_55_3117200_145477_2_17.490147,17.490147,10464,false,true,true,1
@250F302971012_1_197_53_3096807_174352_1_12.288942,12.288942,11755,false,false,true,0
@250F302971012_1_136_62_3169313_112664_2_14.837289,14.837289,10520,false,false,true,0
@250F302971012_1_172_47_3125111_162500_1_16.639263,16.639263,13646,false,true,true,1
@250F302971012_1_204_66_3160593_133982_2_18.568220,18.56822,11652,false,true,true,1
@250F302971012_1_174_69_2962511_340826_1_13.116759,13.116759,12071,false,false,true,0
@250F302971012_1_82_59_3166172_148670_2_17.036808,17.036808,11247,false,true,true,1
@250F302971012_1_24_62_3125070_193149_3_9.713459,9.713459,15551,false,false,true,0
@250F302971012_1_117_69_3139119_180326_0_21.128111,21.128111,11102,false,true,true,1
@250F302971012_1_176_60_3180348_134797_2_17.846329,17.846329,10421,false,true,true,1
@250F302971012_1_229_63_3176852_138990_2_17.362230,17.36223,12727,false,true,true,1
@250F302971012_1_109_57_3165638_155949_1_14.718025,14.718025,11931,false,false,true,0
@250F302971012_1_129_49_3173575_149000_1_17.785366,17.785366,11290,false,true,true,1
@250F302971012_1_135_51_3192383_137320_2_16.998550,16.99855,10171,false,true,true,1
@250F302971012_1_118_58_3082840_243500_0_21.154585,21.154585,18107,false,true,true,1
@250F302971012_1_205_56_3090871_254916_1_19.697250,19.69725,15764,false,true,true,1
@250F302971012_1_131_64_3227842_136136_1_18.434059,18.434059,11654,false,true,true,1
@250F302971012_1_200_57_3124407_235902_1_16.368462,16.368462,16522,false,true,true,1
@250F302971012_1_52_71_3183061_186882_1_17.767221,17.767221,14742,false,true,true,1
@250F302971012_1_133_57_3191485_171500_1_15.421849,15.421849,14591,false,true,true,1
@250F302971012_1_127_63_3230948_153086_1_17.845118,17.845118,12733,false,true,true,1
@250F302971012_1_157_66_3245002_138631_2_17.246590,17.24659,11174,false,true,true,1
@250F302971012_1_167_60_3246318_133690_1_16.035172,16.035172,10604,false,true,true,1
@250F302971012_1_219_62_3233092_166376_3_15.994516,15.994516,13575,false,true,true,1
@250F302971012_1_221_55_3280771_118643_1_15.080801,15.080801,10294,false,true,true,1
@250F302971012_1_79_65_3218068_185644_1_15.620442,15.620442,11350,false,true,true,1
@250F302971012_1_101_73_3276843_127713_2_12.695508,12.695508,10996,false,false,true,0
@250F302971012_1_254_74_3280727_122021_1_18.588039,18.588039,10126,false,true,true,1
@250F302971012_1_73_56_3269484_135554_1_17.742706,17.742706,10837,false,true,true,1
@250F302971012_1_111_75_3269861_140022_1_17.226370,17.22637,11749,false,true,true,1
@250F302971012_1_155_57_3248700_161039_0_18.565348,18.565348,10230,false,true,true,1
@250F302971012_1_223_62_3231664_177090_1_14.858761,14.858761,10297,false,false,true,0
@250F302971012_1_16_60_3257782_153211_2_18.828646,18.828646,11812,false,true,true,1
@250F302971012_1_71_64_3220566_190223_3_16.374630,16.37463,16191,false,true,true,1
@250F302971012_1_105_57_3226005_185000_1_17.090179,17.090179,14788,false,true,true,1
@250F302971012_1_197_54_3276812_135856_1_12.421513,12.421513,12924,false,false,true,0
@250F302971012_1_247_69_3281737_129037_1_16.422842,16.422842,10143,false,true,true,1
@250F302971012_1_64_52_3275287_140721_1_18.702347,18.702347,11359,false,true,true,1
@250F302971012_1_162_79_3266665_144500_2_17.721136,17.721136,11306,false,true,true,1
@250F302971012_1_204_67_3296815_122193_2_17.202982,17.202982,10060,false,true,true,1
@250F302971012_1_239_65_3275797_143227_1_15.107613,15.107613,10077,false,true,true,1
@250F302971012_1_108_56_3238942_184067_1_16.426016,16.426016,14979,false,true,true,1
@250F302971012_1_124_55_3292484_137283_1_15.638491,15.638491,11199,false,true,true,1
@250F302971012_1_158_58_3248971_176724_3_17.870857,17.870857,14293,false,true,true,1
@250F302971012_1_70_61_3229489_202699_1_14.872175,14.872175,17539,false,false,true,0
@250F302971012_1_89_51_3249818_183576_1_10.309726,10.309726,14878,false,false,true,0
@250F302971012_1_191_59_3191234_239756_2_19.181543,19.181543,18617,false,true,true,1
@250F302971012_1_194_53_3295021_153152_2_16.480488,16.480488,10897,false,true,true,1
@250F302971012_1_35_66_3104794_350046_2_16.986607,16.986607,30312,false,true,true,1
@250F302971012_1_195_61_3302474_149000_3_15.866317,15.866317,12180,false,true,true,1
@250F302971012_1_147_67_3344212_119774_1_16.209110,16.20911,10534,false,true,true,1
@250F302971012_1_190_73_3322901_141295_0_19.587543,19.587543,10620,false,true,true,1
@250F302971012_1_193_58_3317996_143888_2_19.802124,19.802124,10651,false,true,true,1
@250F302971012_1_142_49_3308744_162500_3_17.312063,17.312063,13305,false,true,true,1
@250F302971012_1_209_55_3233083_239455_2_17.239408,17.239408,18051,false,true,true,1
@250F302971012_1_126_59_3281850_195410_1_18.863443,18.863443,15257,false,true,true,1
@250F302971012_1_10_56_3319219_162130_3_17.482889,17.482889,12796,false,true,true,1
@250F302971012_1_75_56_3286727_205913_2_18.451406,18.451406,15229,false,true,true,1
@250F302971012_1_12_64_3345223_152176_1_19.261349,19.261349,11567,false,true,true,1
@250F302971012_1_120_64_3325327_170027_1_16.561848,16.561848,13796,false,true,true,1
@250F302971012_1_211_78_3345031_154628_2_19.415867,19.415867,10383,false,true,true,1
@250F302971012_1_23_58_3278108_222973_2_20.371735,20.371735,13888,false,true,true,1
@250F302971012_1_93_67_3391354_134605_1_10.093478,10.093478,11005,false,false,true,0
@250F302971012_1_106_60_3394698_130368_1_16.220137,16.220137,10365,false,true,true,1
@250F302971012_1_171_77_3389941_142883_1_16.724937,16.724937,10418,false,true,true,1
@250F302971012_1_103_74_3390095_148014_1_17.302906,17.302906,10524,false,true,true,1
@250F302971012_1_140_50_3406202_138393_2_17.403259,17.403259,10824,false,true,true,1
@250F302971012_1_143_53_3341032_203909_1_18.816887,18.816887,13340,false,true,true,1
@250F302971012_1_38_65_3364168_183262_3_20.439775,20.439775,11285,false,true,true,1
@250F302971012_1_153_70_3296683_257025_1_19.594339,19.594339,19977,false,true,true,1
@250F302971012_1_167_63_3410191_144154_1_18.352034,18.352034,11379,false,true,true,1
@250F302971012_1_47_74_3388175_171560_1_13.840790,13.84079,15178,false,false,true,0
@250F302971012_1_64_53_3418743_136575_1_17.555407,17.555407,10983,false,true,true,1
@250F302971012_1_138_58_3418344_139159_1_17.843809,17.843809,10415,false,true,true,1
@250F302971012_1_214_67_3431798_123567_1_19.172024,19.172024,10070,false,true,true,1
@250F302971012_1_5_58_3412238_155422_1_16.080200,16.0802,10010,false,true,true,1
@250F302971012_1_136_66_3333557_235067_2_19.699200,19.6992,14474,false,true,true,1
@250F302971012_1_71_66_3429258_142203_3_19.357010,19.35701,11009,false,true,true,1
@250F302971012_1_111_78_3421377_155749_1_16.368139,16.368139,11447,false,true,true,1
@250F302971012_1_159_57_3428683_147787_1_15.802063,15.802063,11082,false,true,true,1
@250F302971012_1_202_70_3423905_157413_1_17.121845,17.121845,10052,false,true,true,1
@250F302971012_1_223_63_3415305_168928_1_13.104921,13.104921,13257,false,false,true,0
@250F302971012_1_227_69_3437254_144500_3_14.593250,14.59325,11193,false,false,true,0
@250F302971012_1_243_63_3412794_169848_1_16.556292,16.556292,11322,false,true,true,1
@250F302971012_1_246_50_3382700_201299_1_18.466934,18.466934,11755,false,true,true,1
@250F302971012_1_36_64_3449709_140000_1_19.810013,19.810013,10690,false,true,true,1
@250F302971012_1_45_51_3428152_165868_2_16.244720,16.24472,10554,false,true,true,1
@250F302971012_1_130_62_3389961_206734_1_16.191673,16.191673,16306,false,true,true,1
@250F302971012_1_146_58_3436775_159158_1_17.700636,17.700636,10351,false,true,true,1
@250F302971012_1_115_73_3406457_194319_2_18.594208,18.594208,13839,false,true,true,1
@250F302971012_1_61_72_3426908_176000_1_16.317175,16.317175,13973,false,true,true,1
@250F302971012_1_209_56_3475486_131213_2_17.823654,17.823654,12221,false,true,true,1
@250F302971012_1_150_68_3396409_221000_1_17.804440,17.80444,16829,false,true,true,1
@250F302971012_1_235_62_3469921_149000_1_19.495955,19.495955,11388,false,true,true,1
@250F302971012_1_217_54_3384621_243872_2_18.652983,18.652983,18536,false,true,true,1
@250F302971012_1_13_53_3420376_210751_1_18.297825,18.297825,13652,false,true,true,1
@250F302971012_1_107_53_3507842_124793_1_17.623837,17.623837,10558,false,true,true,1
@250F302971012_1_225_68_3404482_229964_3_17.652508,17.652508,18102,false,true,true,1
@250F302971012_1_213_56_3316228_319188_1_16.239727,16.239727,26003,false,true,true,1
@250F302971012_1_245_68_3487551_151962_1_17.679314,17.679314,12097,false,true,true,1
@250F302971012_1_134_69_3475850_167690_1_17.270296,17.270296,13779,false,true,true,1
@250F302971012_1_149_63_3472763_170879_0_21.915550,21.91555,10511,false,true,true,1
@250F302971012_1_15_74_3508280_146583_1_16.645388,16.645388,10626,false,true,true,1
@250F302971012_1_78_65_3516556_135674_1_17.218493,17.218493,10520,false,true,true,1
@250F302971012_1_99_66_3435950_214380_1_18.081974,18.081974,15889,false,true,true,1
@250F302971012_1_256_65_3511435_140760_2_15.767693,15.767693,10043,false,true,true,1
@250F302971012_1_1024_62_3532700_119872_1_17.303549,17.303549,10400,false,true,true,1
@250F302971012_1_216_54_3501122_157221_1_18.856102,18.856102,12696,false,true,true,1
@250F302971012_1_152_70_3486450_171500_1_18.531561,18.531561,10969,false,true,true,1
@250F302971012_1_105_61_3513767_170658_1_18.819740,18.81974,11416,false,true,true,1
@250F302971012_1_110_55_3551881_135884_1_17.068871,17.068871,11667,false,true,true,1
@250F302971012_1_178_61_3535430_154155_0_18.022911,18.022911,11317,false,true,true,1
@250F302971012_1_181_78_3529829_156118_3_18.046339,18.046339,12439,false,true,true,1
@250F302971012_1_21_79_3535648_155470_0_15.392698,15.392698,11483,false,true,true,1
@250F302971012_1_147_73_3545512_150778_1_16.663883,16.663883,11943,false,true,true,1
@250F302971012_1_151_79_3418167_275000_1_15.071410,15.07141,18581,false,true,true,1
@250F302971012_1_244_74_3570094_125428_1_15.477033,15.477033,10620,false,true,true,1
@250F302971012_1_87_59_3547913_154640_2_17.635559,17.635559,12499,false,true,true,1
@250F302971012_1_96_73_3591630_110568_1_14.798086,14.798086,10144,false,false,true,0
@250F302971012_1_62_56_3555883_157524_1_18.592335,18.592335,12768,false,true,true,1
@250F302971012_1_70_64_3559298_144500_1_18.411350,18.41135,11078,false,true,true,1
@250F302971012_1_166_80_3567106_147447_1_18.383736,18.383736,11864,false,true,true,1
@250F302971012_1_247_75_3590540_124262_1_16.033537,16.033537,10712,false,true,true,1
@250F302971012_1_30_62_3538701_176000_1_19.212442,19.212442,11025,false,true,true,1
@250F302971012_1_161_71_3476577_243382_2_9.680456,9.680456,20449,false,false,true,0
@250F302971012_1_236_79_3509267_206505_1_14.484920,14.48492,13553,false,false,true,0
@250F302971012_1_249_69_3577618_144431_1_15.015533,15.015533,12581,false,true,true,1
@250F302971012_1_28_70_3583300_142618_1_18.916790,18.91679,11086,false,true,true,1
@250F302971012_1_71_69_3594234_132330_3_17.606882,17.606882,10172,false,true,true,1
@250F302971012_1_208_53_3536837_191056_2_19.528915,19.528915,12176,false,true,true,1
@250F302971012_1_81_56_3575124_165508_1_17.171520,17.17152,12845,false,true,true,1
@250F302971012_1_146_59_3601670_139279_1_16.592348,16.592348,11233,false,true,true,1
@250F302971012_1_226_83_3578483_162588_1_18.035894,18.035894,10482,false,true,true,1
@250F302971012_1_238_73_3406613_344436_3_10.037910,10.03791,26273,false,false,true,0
@250F302971012_1_165_67_3625127_133845_1_17.299541,17.299541,10269,false,true,true,1
@250F302971012_1_221_59_3563236_193776_1_15.785891,15.785891,14481,false,true,true,1
@250F302971012_1_132_65_3594740_170213_1_18.564041,18.564041,10570,false,true,true,1
@250F302971012_1_128_60_3371069_398786_1_10.431585,10.431585,14521,false,false,true,0
@250F302971012_1_140_52_3576378_190749_2_17.771259,17.771259,14505,false,true,true,1
@250F302971012_1_239_68_3566750_217337_1_18.938992,18.938992,15407,false,true,true,1
@250F302971012_1_4_62_3642932_146523_1_17.731728,17.731728,10504,false,true,true,1
@250F302971012_1_222_71_3627864_162650_1_17.646473,17.646473,12555,false,true,true,1
@250F302971012_1_8_66_3623576_174443_2_19.920113,19.920113,10963,false,true,true,1
@250F302971012_1_16_65_3648643_147666_2_15.496864,15.496864,10105,false,true,true,1
@250F302971012_1_18_68_3381008_416000_2_18.332361,18.332361,28309,false,true,true,1
@250F302971012_1_79_73_3580839_217523_1_16.972811,16.972811,15561,false,true,true,1
@250F302971012_1_135_55_3545709_248000_2_17.840714,17.840714,16603,false,true,true,1
@250F302971012_1_201_48_3664863_135021_2_18.047634,18.047634,10831,false,true,true,1
@250F302971012_1_194_62_3646211_159704_2_15.624170,15.62417,13197,false,true,true,1
@250F302971012_1_256_66_3654096_156705_2_16.559404,16.559404,10467,false,true,true,1
@250F302971012_1_82_67_3624591_191376_2_20.218090,20.21809,11786,false,true,true,1
@250F302971012_1_203_64_3502967_315095_1_19.319731,19.319731,17074,false,true,true,1
@250F302971012_1_15_76_3669875_154127_1_17.121805,17.121805,12726,false,true,true,1
@250F302971012_1_112_85_3622195_202379_2_20.234276,20.234276,13317,false,true,true,1
@250F302971012_1_246_52_3672054_148305_1_19.188984,19.188984,11368,false,true,true,1
@250F302971012_1_199_59_3665980_159909_1_17.975649,17.975649,10829,false,true,true,1
@250F302971012_1_219_66_3632232_194000_3_19.172400,19.1724,12711,false,true,true,1
@250F302971012_1_78_68_3688315_146045_1_18.204275,18.204275,11333,false,true,true,1
@250F302971012_1_49_57_3704061_135857_2_15.320643,15.320643,10280,false,true,true,1
@250F302971012_1_69_69_3690758_145936_1_18.193987,18.193987,10590,false,true,true,1
@250F302971012_1_141_65_3709254_128964_1_14.993772,14.993772,10203,false,false,true,0
@250F302971012_1_217_57_3695200_141249_2_17.071909,17.071909,11610,false,true,true,1
@250F302971012_1_241_74_3617893_218213_1_17.789452,17.789452,11126,false,true,true,1
@250F302971012_1_61_74_3640771_176000_1_18.174253,18.174253,10433,false,true,true,1
@250F302971012_1_198_59_3718742_129697_2_16.808903,16.808903,10694,false,true,true,1
@250F302971012_1_188_61_3666938_183113_2_17.944584,17.944584,14031,false,true,true,1
@250F302971012_1_116_73_3697627_158728_2_13.925916,13.925916,13636,false,false,true,0
@250F302971012_1_147_75_3714602_141869_1_17.822140,17.82214,10227,false,true,true,1
@250F302971012_1_182_73_3717531_150089_2_18.464479,18.464479,12286,false,true,true,1
@250F302971012_1_108_66_3731518_135500_1_15.493807,15.493807,11726,false,true,true,1
@250F302971012_1_167_66_3730227_141826_1_17.366018,17.366018,11410,false,true,true,1
@250F302971012_1_2_65_3718781_158000_1_15.798201,15.798201,13234,false,true,true,1
@250F302971012_1_169_62_3657515_220157_0_18.242712,18.242712,16416,false,true,true,1
@250F302971012_1_6_63_3692994_191830_2_16.783195,16.783195,15329,false,true,true,1
@250F302971012_1_44_76_3735742_155924_2_18.577560,18.57756,11759,false,true,true,1
@250F302971012_1_64_59_3768275_126500_1_17.734814,17.734814,10114,false,true,true,1
@250F302971012_1_158_66_3751320_151194_3_16.563622,16.563622,11285,false,true,true,1
@250F302971012_1_163_76_3706021_194938_3_16.364202,16.364202,16150,false,true,true,1
@250F302971012_1_209_60_3755141_152184_2_18.032852,18.032852,10478,false,true,true,1
@250F302971012_1_46_67_3720709_196673_2_19.595541,19.595541,12328,false,true,true,1
@250F302971012_1_183_88_3745013_171981_1_19.907476,19.907476,10655,false,true,true,1
@250F302971012_1_126_68_3762524_153500_1_14.700678,14.700678,12396,false,false,true,0
@250F302971012_1_175_73_3717604_204661_1_15.635578,15.635578,16009,false,true,true,1
@250F302971012_1_225_72_3777646_145928_3_16.847340,16.84734,12008,false,true,true,1
@250F302971012_1_104_81_3769944_155621_1_17.675573,17.675573,12752,false,true,true,1
@250F302971012_1_109_66_3748361_177359_1_18.341606,18.341606,13141,false,true,true,1
@250F302971012_1_197_63_3619767_306260_1_12.978893,12.978893,23420,false,false,true,0
@250F302971012_1_96_74_3705149_229134_1_16.258198,16.258198,19605,false,true,true,1
@250F302971012_1_117_80_3757537_173237_0_21.399147,21.399147,11611,false,true,true,1
@250F302971012_1_236_81_3807231_124779_1_18.668497,18.668497,10271,false,true,true,1
@250F302971012_1_153_76_3762061_177220_1_17.931759,17.931759,12044,false,true,true,1
@250F302971012_1_176_67_3647583_289177_2_10.492231,10.492231,13974,false,false,true,0
@250F302971012_1_213_59_3756681_178733_1_19.168646,19.168646,11981,false,true,true,1
@250F302971012_1_244_80_3800535_143442_1_17.802078,17.802078,12162,false,true,true,1
@250F302971012_1_221_61_3795712_152774_1_16.702778,16.702778,12031,false,true,true,1
@250F302971012_1_73_64_3680808_269959_1_16.331976,16.331976,18758,false,true,true,1
@250F302971012_1_214_71_3808505_140000_1_16.596012,16.596012,11353,false,true,true,1
@250F302971012_1_110_57_3808666_159375_1_16.468500,16.4685,13839,false,true,true,1
@250F302971012_1_71_71_3793471_181258_3_16.020029,16.020029,14828,false,true,true,1
@250F302971012_1_115_75_3612287_367067_2_18.486439,18.486439,28262,false,true,true,1
@250F302971012_1_62_61_3809805_180876_1_10.230203,10.230203,14148,false,false,true,0
@250F302971012_1_16_67_3817288_181612_2_18.205877,18.205877,11857,false,true,true,1
@250F302971012_1_105_65_3787602_207471_1_17.276026,17.276026,15204,false,true,true,1
@250F302971012_1_5_63_3780990_221955_1_17.128262,17.128262,13751,false,true,true,1
@250F302971012_1_144_74_3777984_226549_1_21.213223,21.213223,14638,false,true,true,1
@250F302971012_1_128_63_3881440_128721_1_14.752864,14.752864,10292,false,false,true,0
@250F302971012_1_205_64_3759248_251483_1_18.396338,18.396338,15920,false,true,true,1
@250F302971012_1_154_72_3848634_166638_3_17.037224,17.037224,14485,false,true,true,1
@250F302971012_1_113_84_3740299_279979_1_19.261490,19.26149,17287,false,true,true,1
@250F302971012_1_246_55_3850171_171500_1_16.162302,16.162302,13477,false,true,true,1
@250F302971012_1_40_69_3885660_148011_2_16.964752,16.964752,11274,false,true,true,1
@250F302971012_1_70_68_3866662_173209_1_18.741302,18.741302,12605,false,true,true,1
@250F302971012_1_28_75_3882986_172525_1_20.492373,20.492373,10824,false,true,true,1
@250F302971012_1_86_77_3878658_179751_3_17.690487,17.690487,10657,false,true,true,1
@250F302971012_1_130_68_3885836_172021_1_12.249275,12.249275,13679,false,false,true,0
@250F302971012_1_248_78_3887032_171500_0_15.021135,15.021135,13549,false,true,true,1
@250F302971012_1_103_79_3775504_291188_1_10.001283,10.001283,19165,false,false,true,0
@250F302971012_1_202_78_3927723_139446_1_15.794868,15.794868,11074,false,true,true,1
